,node_id,geometry,Longitude,Latitude,Supply,Demand,demand
0,node_0001,POINT (6.80857 54.19578),6.80857,54.19578,0,0,0
1,node_0002,POINT (7.256659999999999 53.941679999999984),7.256659999999999,53.941679999999984,0,0,0
2,node_0003,POINT (6.123468 51.80289499999999),6.123468,51.80289499999999,0,0,0
3,node_0004,POINT (5.722341 51.845368),5.722341,51.845368,0,0,0
4,node_0005,POINT (6.127277999999999 51.86375199999999),6.127277999999999,51.86375199999999,0,0,0
5,node_0006,POINT (6.4283269999999995 51.60064199999999),6.4283269999999995,51.60064199999999,0,0,0
6,node_0007,POINT (6.510393 51.357503),6.510393,51.357503,0,0,0
7,node_0008,POINT (6.812494 51.548819),6.812494,51.548819,28,153,-125
8,node_0009,POINT (6.623961 51.294796999999996),6.623961,51.294796999999996,0,0,0
9,node_0010,POINT (6.449576999999999 51.24812099999999),6.449576999999999,51.24812099999999,0,0,0
10,node_0011,POINT (6.964396 51.019249),6.964396,51.019249,0,94,-94
11,node_0012,POINT (6.898994000000001 51.181398),6.898994000000001,51.181398,0,0,0
12,node_0013,POINT (6.626948999999999 51.432235000000006),6.626948999999999,51.432235000000006,0,0,0
13,node_0014,POINT (7.000275 51.692792999999995),7.000275,51.692792999999995,0,0,0
14,node_0015,POINT (6.951520999999999 51.47767),6.951520999999999,51.47767,48,304,-256
15,node_0016,POINT (7.295552 51.56190300000001),7.295552,51.56190300000001,0,36,-36
16,node_0017,POINT (7.014059999999999 51.943898999999995),7.014059999999999,51.943898999999995,0,972,-972
17,node_0018,POINT (6.79571 51.392262),6.79571,51.392262,0,51,-51
18,node_0019,POINT (6.967347999999999 51.379843),6.967347999999999,51.379843,0,0,0
19,node_0020,POINT (7.159284999999999 51.306627),7.159284999999999,51.306627,0,0,0
20,node_0021,POINT (7.076186999999999 51.088203),7.076186999999999,51.088203,0,47,-47
21,node_0022,POINT (6.928418999999999 50.804215),6.928418999999999,50.804215,0,0,0
22,node_0023,POINT (7.106203000000001 50.698214),7.106203000000001,50.698214,0,186,-186
23,node_0024,POINT (7.271726 50.64551900000001),7.271726,50.64551900000001,0,199,-199
24,node_0025,POINT (8.056946 50.403136),8.056946,50.403136,0,107,-107
25,node_0026,POINT (7.922593000000001 50.364024),7.922593000000001,50.364024,0,140,-140
26,node_0027,POINT (8.506818 50.535804999999996),8.506818,50.535804999999996,0,135,-135
27,node_0028,POINT (8.653906 50.57321099999999),8.653906,50.57321099999999,0,0,0
28,node_0029,POINT (7.993757999999999 50.829527999999996),7.993757999999999,50.829527999999996,0,125,-125
29,node_0030,POINT (7.891542 51.09273699999999),7.891542,51.09273699999999,0,47,-47
30,node_0031,POINT (7.640442999999999 51.679284),7.640442999999999,51.679284,0,0,0
31,node_0032,POINT (7.124878 52.058939),7.124878,52.058939,0,0,0
32,node_0033,POINT (7.371066999999999 51.237731),7.371066999999999,51.237731,0,0,0
33,node_0034,POINT (7.25988 51.399877999999994),7.25988,51.399877999999994,0,98,-98
34,node_0035,POINT (7.48979 51.546936),7.48979,51.546936,0,4,-4
35,node_0036,POINT (7.200963999999999 52.15006499999999),7.200963999999999,52.15006499999999,0,0,0
36,node_0037,POINT (7.979590000000001 51.803864),7.979590000000001,51.803864,69,158,-89
37,node_0038,POINT (8.320557 51.894542),8.320557,51.894542,0,0,0
38,node_0039,POINT (8.61882 52.07103),8.61882,52.07103,0,0,0
39,node_0040,POINT (9.047912999999998 52.248654),9.047912999999998,52.248654,0,54,-54
40,node_0041,POINT (9.911803 52.368132),9.911803,52.368132,72,134,-62
41,node_0042,POINT (8.521418 52.041809),8.521418,52.041809,0,106,-106
42,node_0043,POINT (8.303406999999998 52.49631300000001),8.303406999999998,52.49631300000001,0,0,0
43,node_0044,POINT (8.756107999999998 52.498468999999986),8.756107999999998,52.498468999999986,0,0,0
44,node_0045,POINT (9.294336 52.44289899999999),9.294336,52.44289899999999,0,0,0
45,node_0046,POINT (8.011674 52.31711599999999),8.011674,52.31711599999999,0,237,-237
46,node_0047,POINT (7.5885940000000005 51.993288),7.5885940000000005,51.993288,0,0,0
47,node_0048,POINT (7.562029999999997 52.23818),7.562029999999997,52.23818,0,136,-136
48,node_0049,POINT (10.545235 48.699313),10.545235,48.699313,38,93,-55
49,node_0050,POINT (10.656869 48.58088299999999),10.656869,48.58088299999999,0,31,-31
50,node_0051,POINT (10.187764999999999 48.375408),10.187764999999999,48.375408,0,0,0
51,node_0052,POINT (10.06044 48.40830199999999),10.06044,48.40830199999999,0,44,-44
52,node_0053,POINT (10.886713 48.37491),10.886713,48.37491,32,177,-145
53,node_0054,POINT (10.920231 48.45876700000001),10.920231,48.45876700000001,0,47,-47
54,node_0055,POINT (10.982711999999998 48.268099),10.982711999999998,48.268099,0,66,-66
55,node_0056,POINT (11.433414999999998 48.032723),11.433414999999998,48.032723,0,41,-41
56,node_0057,POINT (11.781149 48.018141),11.781149,48.018141,0,36,-36
57,node_0058,POINT (11.090035999999998 47.738555999999996),11.090035999999998,47.738555999999996,0,100,-100
58,node_0059,POINT (10.529801999999998 47.682936999999995),10.529801999999998,47.682936999999995,0,59,-59
59,node_0060,POINT (12.049472999999999 47.904176),12.049472999999999,47.904176,0,1,-1
60,node_0061,POINT (11.804762999999998 48.20864),11.804762999999998,48.20864,0,77,-77
61,node_0062,POINT (12.376260000000002 48.045615),12.376260000000002,48.045615,0,1,-1
62,node_0063,POINT (12.251441 48.130798),12.251441,48.130798,0,0,0
63,node_0064,POINT (11.689166999999998 48.238382),11.689166999999998,48.238382,0,36,-36
64,node_0065,POINT (11.56896 48.76146800000001),11.56896,48.76146800000001,209,1419,-1210
65,node_0066,POINT (11.812318999999999 48.401235),11.812318999999999,48.401235,0,534,-534
66,node_0067,POINT (12.256113 49.211854),12.256113,49.211854,0,117,-117
67,node_0068,POINT (13.658976999999998 54.147889),13.658976999999998,54.147889,0,0,0
68,node_0069,POINT (10.739833 53.343504999999986),10.739833,53.343504999999986,0,0,0
69,node_0070,POINT (13.641025 53.84748999999999),13.641025,53.84748999999999,0,0,0
70,node_0071,POINT (13.587282 52.093498999999994),13.587282,52.093498999999994,0,54,-54
71,node_0072,POINT (13.400899000000003 50.932709),13.400899000000003,50.932709,0,0,0
72,node_0073,POINT (13.386092 50.74893399999999),13.386092,50.74893399999999,0,1,-1
73,node_0074,POINT (13.384905999999999 50.648857),13.384905999999999,50.648857,1148,0,1148
74,node_0075,POINT (14.543000000000001 52.427),14.543000000000001,52.427,5830,19,5811
75,node_0076,POINT (13.866978 52.536457),13.866978,52.536457,0,0,0
76,node_0077,POINT (12.260908999999998 51.69521000000001),12.260908999999998,51.69521000000001,0,0,0
77,node_0078,POINT (12.214035 50.782075000000006),12.214035,50.782075000000006,0,36,-36
78,node_0079,POINT (12.612610999999998 50.781515),12.612610999999998,50.781515,0,96,-96
79,node_0080,POINT (12.029793 50.794432),12.029793,50.794432,0,47,-47
80,node_0081,POINT (11.714321 50.82425099999999),11.714321,50.82425099999999,0,84,-84
81,node_0082,POINT (11.374291999999999 50.905943),11.374291999999999,50.905943,0,46,-46
82,node_0083,POINT (11.075456 50.87201699999999),11.075456,50.87201699999999,0,68,-68
83,node_0084,POINT (10.425932999999999 50.900715999999996),10.425932999999999,50.900715999999996,0,42,-42
84,node_0085,POINT (10.266474999999998 50.81696999999998),10.266474999999998,50.81696999999998,0,1,-1
85,node_0086,POINT (9.656207999999998 50.684748),9.656207999999998,50.684748,0,36,-36
86,node_0087,POINT (7.324344999999998 53.27080999999999),7.324344999999998,53.27080999999999,0,0,0
87,node_0088,POINT (8.483277000000001 52.20253700000001),8.483277000000001,52.20253700000001,0,0,0
88,node_0089,POINT (8.84351 52.1326),8.84351,52.1326,0,72,-72
89,node_0090,POINT (8.761778999999999 51.86927599999999),8.761778999999999,51.86927599999999,0,36,-36
90,node_0091,POINT (9.650855 50.47331399999999),9.650855,50.47331399999999,0,32,-32
91,node_0092,POINT (9.424897 50.379228),9.424897,50.379228,0,1040,-1040
92,node_0093,POINT (8.770964 49.821352),8.770964,49.821352,0,330,-330
93,node_0094,POINT (8.482303999999997 52.61641099999999),8.482303999999997,52.61641099999999,0,0,0
94,node_0095,POINT (8.403387 51.874407999999995),8.403387,51.874407999999995,0,0,0
95,node_0096,POINT (6.851695999999999 51.20934100000001),6.851695999999999,51.20934100000001,0,0,0
96,node_0097,POINT (6.690488 51.175058),6.690488,51.175058,0,1620,-1620
97,node_0098,POINT (6.777766 50.85304099999999),6.777766,50.85304099999999,0,1012,-1012
98,node_0099,POINT (6.392669 50.788562),6.392669,50.788562,0,81,-81
99,node_0100,POINT (12.846167999999999 48.934532999999995),12.846167999999999,48.934532999999995,0,0,0
100,node_0101,POINT (12.710627 48.975265),12.710627,48.975265,0,83,-83
101,node_0102,POINT (12.604223 49.033173999999995),12.604223,49.033173999999995,0,0,0
102,node_0103,POINT (12.093572 49.299596),12.093572,49.299596,42,120,-78
103,node_0104,POINT (12.135993 49.554659),12.135993,49.554659,31,142,-111
104,node_0105,POINT (12.501059 49.681546000000004),12.501059,49.681546000000004,0,0,0
105,node_0106,POINT (11.165275 49.371160999999994),11.165275,49.371160999999994,0,41,-41
106,node_0107,POINT (11.081735999999998 49.36525999999999),11.081735999999998,49.36525999999999,0,115,-115
107,node_0108,POINT (10.71987 49.503317),10.71987,49.503317,0,15,-15
108,node_0109,POINT (10.484353999999998 49.57378299999999),10.484353999999998,49.57378299999999,0,30,-30
109,node_0110,POINT (9.767451999999999 49.767193),9.767451999999999,49.767193,38,149,-111
110,node_0111,POINT (8.478981 49.72124199999999),8.478981,49.72124199999999,0,0,0
111,node_0112,POINT (8.534832 49.722546),8.534832,49.722546,0,120,-120
112,node_0113,POINT (8.222966 49.61154799999999),8.222966,49.61154799999999,0,79,-79
113,node_0114,POINT (6.207367 50.760751),6.207367,50.760751,0,0,0
114,node_0115,POINT (6.611011999999999 50.410391000000004),6.611011999999999,50.410391000000004,0,61,-61
115,node_0116,POINT (6.789283999999999 50.250417),6.789283999999999,50.250417,0,239,-239
116,node_0117,POINT (6.951183000000001 50.128054),6.951183000000001,50.128054,0,22,-22
117,node_0118,POINT (7.19279 49.959259),7.19279,49.959259,0,34,-34
118,node_0119,POINT (7.315278 49.870153),7.315278,49.870153,0,68,-68
119,node_0120,POINT (7.3764509999999985 49.749549),7.3764509999999985,49.749549,0,171,-171
120,node_0121,POINT (7.531062 49.63041100000001),7.531062,49.63041100000001,0,0,0
121,node_0122,POINT (7.555159999999999 49.52375099999999),7.555159999999999,49.52375099999999,0,21,-21
122,node_0123,POINT (7.643662 49.404181),7.643662,49.404181,0,36,-36
123,node_0124,POINT (7.697399 49.297184),7.697399,49.297184,0,28,-28
124,node_0125,POINT (7.83243 49.20805),7.83243,49.20805,0,0,0
125,node_0126,POINT (8.055782 49.10669099999999),8.055782,49.10669099999999,0,50,-50
126,node_0127,POINT (8.180301 49.019946999999995),8.180301,49.019946999999995,0,0,0
127,node_0128,POINT (8.225166 48.923731999999994),8.225166,48.923731999999994,0,37,-37
128,node_0129,POINT (7.637349000000001 47.849604),7.637349000000001,47.849604,0,156,-156
129,node_0130,POINT (7.827246000000001 47.616503),7.827246000000001,47.616503,1,128,-127
130,node_0131,POINT (8.085055 49.561198),8.085055,49.561198,31,65,-34
131,node_0132,POINT (7.468072 49.25495),7.468072,49.25495,0,25,-25
132,node_0133,POINT (8.4355 49.57269),8.4355,49.57269,0,0,0
133,node_0134,POINT (8.3228 49.019816999999996),8.3228,49.019816999999996,0,1220,-1220
134,node_0135,POINT (7.416317000000001 53.65249599999999),7.416317000000001,53.65249599999999,4563,0,4563
135,node_0136,POINT (7.904585999999999 53.511549999999986),7.904585999999999,53.511549999999986,3109,68,3041
136,node_0137,POINT (8.186253 53.07483),8.186253,53.07483,0,36,-36
137,node_0138,POINT (9.335639 52.96381699999999),9.335639,52.96381699999999,0,0,0
138,node_0139,POINT (11.031503 52.82459299999999),11.031503,52.82459299999999,0,0,0
139,node_0140,POINT (7.485275 53.26013),7.485275,53.26013,0,51,-51
140,node_0141,POINT (8.334916999999999 53.19616499999999),8.334916999999999,53.19616499999999,0,55,-55
141,node_0142,POINT (8.334259 52.808309),8.334259,52.808309,0,0,0
142,node_0143,POINT (8.807959 52.676187),8.807959,52.676187,0,66,-66
143,node_0144,POINT (8.058018999999998 52.778503),8.058018999999998,52.778503,0,52,-52
144,node_0145,POINT (9.285374999999998 54.803583999999994),9.285374999999998,54.803583999999994,570,314,256
145,node_0146,POINT (9.369836 54.153612),9.369836,54.153612,243,415,-172
146,node_0147,POINT (9.712548 53.936077999999995),9.712548,53.936077999999995,207,243,-36
147,node_0148,POINT (10.200844 54.266597000000004),10.200844,54.266597000000004,268,38,230
148,node_0149,POINT (9.664175000000002 53.66616400000001),9.664175000000002,53.66616400000001,0,3,-3
149,node_0150,POINT (9.447571 53.53543),9.447571,53.53543,0,0,0
150,node_0151,POINT (9.603747999999998 53.342175),9.603747999999998,53.342175,0,0,0
151,node_0152,POINT (9.85189 53.381984999999986),9.85189,53.381984999999986,0,0,0
152,node_0153,POINT (10.055259999999999 53.38313099999999),10.055259999999999,53.38313099999999,0,79,-79
153,node_0154,POINT (10.242540999999997 53.584832),10.242540999999997,53.584832,0,36,-36
154,node_0155,POINT (10.475106 53.78446999999999),10.475106,53.78446999999999,0,114,-114
155,node_0156,POINT (9.359299 53.216222),9.359299,53.216222,0,50,-50
156,node_0157,POINT (9.014785999999999 53.033868000000005),9.014785999999999,53.033868000000005,0,36,-36
157,node_0158,POINT (10.705556 52.963948),10.705556,52.963948,0,32,-32
158,node_0159,POINT (10.985527999999999 52.817002),10.985527999999999,52.817002,0,0,0
159,node_0160,POINT (13.429099 52.62557399999999),13.429099,52.62557399999999,0,0,0
160,node_0161,POINT (8.499220999999999 53.03408099999999),8.499220999999999,53.03408099999999,0,59,-59
161,node_0162,POINT (7.584638999999999 53.169788000000004),7.584638999999999,53.169788000000004,91,14,77
162,node_0163,POINT (7.0932509999999995 53.412719),7.0932509999999995,53.412719,0,0,0
163,node_0164,POINT (7.280678999999999 52.55942700000001),7.280678999999999,52.55942700000001,0,0,0
164,node_0165,POINT (7.317079 52.440895),7.317079,52.440895,0,0,0
165,node_0166,POINT (6.968137999999999 52.51081699999999),6.968137999999999,52.51081699999999,0,41,-41
166,node_0167,POINT (9.290891 52.92986499999999),9.290891,52.92986499999999,0,41,-41
167,node_0168,POINT (9.245955 52.78501599999999),9.245955,52.78501599999999,0,3,-3
168,node_0169,POINT (9.263047000000002 52.68035099999999),9.263047000000002,52.68035099999999,0,0,0
169,node_0170,POINT (9.130455999999999 52.60063299999999),9.130455999999999,52.60063299999999,0,37,-37
170,node_0171,POINT (9.865477999999998 52.51805600000001),9.865477999999998,52.51805600000001,0,36,-36
171,node_0172,POINT (9.537058999999998 52.918473),9.537058999999998,52.918473,0,0,0
172,node_0173,POINT (10.186525 52.69473499999999),10.186525,52.69473499999999,0,55,-55
173,node_0174,POINT (10.079837 52.38452800000001),10.079837,52.38452800000001,0,0,0
174,node_0175,POINT (10.444146999999997 52.38598799999999),10.444146999999997,52.38598799999999,0,0,0
175,node_0176,POINT (8.406804 52.461192999999994),8.406804,52.461192999999994,0,0,0
176,node_0177,POINT (8.586114999999998 52.24418799999999),8.586114999999998,52.24418799999999,0,98,-98
177,node_0178,POINT (9.809392 50.787905),9.809392,50.787905,182,249,-67
178,node_0179,POINT (8.40433 49.898499999999984),8.40433,49.898499999999984,0,173,-173
179,node_0180,POINT (8.289212 50.051692),8.289212,50.051692,0,165,-165
180,node_0181,POINT (8.431598999999999 49.733582),8.431598999999999,49.733582,0,0,0
181,node_0182,POINT (7.775604000000001 51.936816),7.775604000000001,51.936816,0,0,0
182,node_0183,POINT (8.157952999999997 51.837979),8.157952999999997,51.837979,0,36,-36
183,node_0184,POINT (8.343085 51.662601),8.343085,51.662601,97,88,9
184,node_0185,POINT (8.352079 51.51849300000001),8.352079,51.51849300000001,0,0,0
185,node_0186,POINT (8.198059 51.515202),8.198059,51.515202,0,91,-91
186,node_0187,POINT (8.075673 51.652357),8.075673,51.652357,0,0,0
187,node_0188,POINT (7.936545999999999 51.50642199999999),7.936545999999999,51.50642199999999,28,24,4
188,node_0189,POINT (8.075587 51.38441),8.075587,51.38441,0,3,-3
189,node_0190,POINT (8.296524 51.410862),8.296524,51.410862,0,121,-121
190,node_0191,POINT (7.683914000000001 51.486150999999985),7.683914000000001,51.486150999999985,0,2420,-2420
191,node_0192,POINT (7.326358 51.438719),7.326358,51.438719,31,6,25
192,node_0193,POINT (7.345152 51.70747000000001),7.345152,51.70747000000001,0,68,-68
193,node_0194,POINT (6.895099 51.810868),6.895099,51.810868,0,0,0
194,node_0195,POINT (6.5984679999999996 51.556647999999996),6.5984679999999996,51.556647999999996,27,214,-187
195,node_0196,POINT (6.131469 51.603189),6.131469,51.603189,0,95,-95
196,node_0197,POINT (6.935050000000001 51.308471),6.935050000000001,51.308471,65,92,-27
197,node_0198,POINT (6.793079 51.295809),6.793079,51.295809,0,38,-38
198,node_0199,POINT (6.310866999999999 50.971491),6.310866999999999,50.971491,0,5,-5
199,node_0200,POINT (6.637508999999999 51.528227999999984),6.637508999999999,51.528227999999984,0,0,0
200,node_0201,POINT (7.2843670000000005 50.956302),7.2843670000000005,50.956302,0,122,-122
201,node_0202,POINT (7.488253 50.931533),7.488253,50.931533,0,85,-85
202,node_0203,POINT (6.557448 50.793103),6.557448,50.793103,0,0,0
203,node_0204,POINT (10.018552 49.171201),10.018552,49.171201,0,192,-192
204,node_0205,POINT (7.1676530000000005 51.88730700000001),7.1676530000000005,51.88730700000001,0,0,0
205,node_0206,POINT (7.098326999999999 50.868279999999984),7.098326999999999,50.868279999999984,0,0,0
206,node_0207,POINT (7.599162999999999 51.280109),7.599162999999999,51.280109,0,69,-69
207,node_0208,POINT (7.986419999999999 53.378569999999996),7.986419999999999,53.378569999999996,0,0,0
208,node_0209,POINT (7.3266469999999995 53.47606799999999),7.3266469999999995,53.47606799999999,4363,56,4307
209,node_0210,POINT (7.275472 53.472621),7.275472,53.472621,0,0,0
210,node_0211,POINT (7.028684 52.17597000000001),7.028684,52.17597000000001,10374,0,10374
211,node_0212,POINT (8.253166 52.40235899999999),8.253166,52.40235899999999,0,0,0
212,node_0213,POINT (9.636881 52.368473),9.636881,52.368473,0,827,-827
213,node_0214,POINT (12.727906 48.179619),12.727906,48.179619,0,185,-185
214,node_0215,POINT (12.86101 48.191485),12.86101,48.191485,0,38,-38
215,node_0216,POINT (14.836875 51.12225899999999),14.836875,51.12225899999999,0,0,0
216,node_0217,POINT (14.978093000000001 51.14649800000001),14.978093000000001,51.14649800000001,0,0,0
217,node_0218,POINT (14.829009999999997 51.247341999999996),14.829009999999997,51.247341999999996,0,1155,-1155
218,node_0219,POINT (14.742041 51.32701999999998),14.742041,51.32701999999998,0,0,0
219,node_0220,POINT (14.50612 51.40811300000001),14.50612,51.40811300000001,0,0,0
220,node_0221,POINT (14.353417 51.518704),14.353417,51.518704,3,2939,-2936
221,node_0222,POINT (14.423337000000002 52.196191),14.423337000000002,52.196191,281,642,-361
222,node_0223,POINT (13.761442 52.33270799999999),13.761442,52.33270799999999,0,0,0
223,node_0224,POINT (14.452442000000001 51.157171),14.452442000000001,51.157171,0,0,0
224,node_0225,POINT (13.714453999999998 50.982527),13.714453999999998,50.982527,0,85,-85
225,node_0226,POINT (13.483420999999998 50.92858600000001),13.483420999999998,50.92858600000001,0,0,0
226,node_0227,POINT (13.564966999999998 51.01551),13.564966999999998,51.01551,0,0,0
227,node_0228,POINT (13.621450999999999 51.152673),13.621450999999999,51.152673,0,0,0
228,node_0229,POINT (14.016687 51.260044999999984),14.016687,51.260044999999984,0,91,-91
229,node_0230,POINT (14.213376999999998 51.448207000000004),14.213376999999998,51.448207000000004,0,0,0
230,node_0231,POINT (14.038909 51.43584100000001),14.038909,51.43584100000001,0,2,-2
231,node_0232,POINT (13.875030999999998 51.44693800000001),13.875030999999998,51.44693800000001,0,0,0
232,node_0233,POINT (13.668602999999997 51.306168),13.668602999999997,51.306168,0,0,0
233,node_0234,POINT (13.699931 51.438789),13.699931,51.438789,0,0,0
234,node_0235,POINT (13.417377999999998 51.205423),13.417377999999998,51.205423,0,108,-108
235,node_0236,POINT (13.422123999999998 50.797118),13.422123999999998,50.797118,0,0,0
236,node_0237,POINT (13.011443 50.93491099999999),13.011443,50.93491099999999,0,90,-90
237,node_0238,POINT (12.843025 50.997493000000006),12.843025,50.997493000000006,0,0,0
238,node_0239,POINT (12.856231 50.883838999999995),12.856231,50.883838999999995,0,0,0
239,node_0240,POINT (12.428781 50.743539),12.428781,50.743539,0,66,-66
240,node_0241,POINT (12.635925 50.949048),12.635925,50.949048,0,0,0
241,node_0242,POINT (13.106702999999998 51.062675),13.106702999999998,51.062675,0,0,0
242,node_0243,POINT (13.495960999999998 51.443870999999994),13.495960999999998,51.443870999999994,0,2,-2
243,node_0244,POINT (12.578413999999999 51.395941),12.578413999999999,51.395941,0,0,0
244,node_0245,POINT (12.413428999999999 51.404212),12.413428999999999,51.404212,0,0,0
245,node_0246,POINT (12.646902999999998 51.08675899999999),12.646902999999998,51.08675899999999,0,0,0
246,node_0247,POINT (12.500754 51.15668099999999),12.500754,51.15668099999999,0,1519,-1519
247,node_0248,POINT (12.165170999999999 51.641756),12.165170999999999,51.641756,0,36,-36
248,node_0249,POINT (12.228765 51.428414000000004),12.228765,51.428414000000004,0,0,0
249,node_0250,POINT (12.345128 51.163214),12.345128,51.163214,209,1235,-1026
250,node_0251,POINT (12.15392 51.256394),12.15392,51.256394,0,0,0
251,node_0252,POINT (12.342238 51.702806),12.342238,51.702806,0,0,0
252,node_0253,POINT (11.959392 51.276208),11.959392,51.276208,0,56,-56
253,node_0254,POINT (11.461451999999998 51.20517100000001),11.461451999999998,51.20517100000001,72,62,10
254,node_0255,POINT (11.350947 51.358132999999995),11.350947,51.358132999999995,0,0,0
255,node_0256,POINT (11.110515 51.298141),11.110515,51.298141,0,22,-22
256,node_0257,POINT (10.858282 51.26610199999998),10.858282,51.26610199999998,0,0,0
257,node_0258,POINT (11.827835 51.417739),11.827835,51.417739,73,1089,-1016
258,node_0259,POINT (11.821541 51.56051500000001),11.821541,51.56051500000001,0,0,0
259,node_0260,POINT (12.055337 51.411742000000004),12.055337,51.411742000000004,0,41,-41
260,node_0261,POINT (11.759217 51.750252),11.759217,51.750252,1780,3,1777
261,node_0262,POINT (11.686331999999998 51.861365),11.686331999999998,51.861365,0,281,-281
262,node_0263,POINT (11.543641999999998 52.089138999999996),11.543641999999998,52.089138999999996,45,105,-60
263,node_0264,POINT (11.467395 52.207463999999995),11.467395,52.207463999999995,40,112,-72
264,node_0265,POINT (11.615692 52.209258999999996),11.615692,52.209258999999996,0,36,-36
265,node_0266,POINT (11.365749 52.347906),11.365749,52.347906,0,0,0
266,node_0267,POINT (11.254513999999999 52.52439999999999),11.254513999999999,52.52439999999999,0,4,-4
267,node_0268,POINT (11.21891 52.820686),11.21891,52.820686,0,0,0
268,node_0269,POINT (11.590301 52.657963),11.590301,52.657963,0,0,0
269,node_0270,POINT (11.771459 52.60371800000001),11.771459,52.60371800000001,0,0,0
270,node_0271,POINT (11.714862 53.159059),11.714862,53.159059,0,25,-25
271,node_0272,POINT (11.739549999999998 52.76805900000001),11.739549999999998,52.76805900000001,0,0,0
272,node_0273,POINT (12.506152 52.76999099999999),12.506152,52.76999099999999,0,31,-31
273,node_0274,POINT (12.170587999999999 53.139099),12.170587999999999,53.139099,0,0,0
274,node_0275,POINT (11.774109999999999 53.345656),11.774109999999999,53.345656,0,0,0
275,node_0276,POINT (11.393437999999998 53.366413),11.393437999999998,53.366413,0,0,0
276,node_0277,POINT (11.376113 53.607769),11.376113,53.607769,0,0,0
277,node_0278,POINT (11.830279999999998 53.57755199999999),11.830279999999998,53.57755199999999,0,0,0
278,node_0279,POINT (11.354222999999998 53.69793399999999),11.354222999999998,53.69793399999999,0,50,-50
279,node_0280,POINT (12.016360999999998 54.120956),12.016360999999998,54.120956,0,0,0
280,node_0281,POINT (12.001122999999998 53.907065),12.001122999999998,53.907065,0,0,0
281,node_0282,POINT (12.237856 54.10122),12.237856,54.10122,0,0,0
282,node_0283,POINT (12.306070999999998 53.83176),12.306070999999998,53.83176,88,153,-65
283,node_0284,POINT (13.173214999999999 54.247801999999986),13.173214999999999,54.247801999999986,0,71,-71
284,node_0285,POINT (12.88526 53.915766),12.88526,53.915766,0,0,0
285,node_0286,POINT (13.308192 54.050548),13.308192,54.050548,0,0,0
286,node_0287,POINT (12.259875999999998 53.322562),12.259875999999998,53.322562,0,0,0
287,node_0288,POINT (13.188612000000001 53.588385),13.188612000000001,53.588385,0,77,-77
288,node_0289,POINT (13.387907 53.53085299999999),13.387907,53.53085299999999,0,0,0
289,node_0290,POINT (13.460111999999999 53.68623899999999),13.460111999999999,53.68623899999999,0,0,0
290,node_0291,POINT (13.457005 53.88535799999999),13.457005,53.88535799999999,0,0,0
291,node_0292,POINT (13.673704999999998 53.97482),13.673704999999998,53.97482,0,0,0
292,node_0293,POINT (13.976560000000001 54.065146999999996),13.976560000000001,54.065146999999996,0,0,0
293,node_0294,POINT (13.09516 53.379195),13.09516,53.379195,0,0,0
294,node_0295,POINT (13.141310999999998 52.979301),13.141310999999998,52.979301,0,65,-65
295,node_0296,POINT (13.368296 52.723667999999996),13.368296,52.723667999999996,0,0,0
296,node_0297,POINT (13.532169999999999 52.702025000000006),13.532169999999999,52.702025000000006,0,0,0
297,node_0298,POINT (13.672431999999999 52.65516699999999),13.672431999999999,52.65516699999999,0,57,-57
298,node_0299,POINT (13.979229 52.45214499999999),13.979229,52.45214499999999,0,58,-58
299,node_0300,POINT (13.558705999999999 52.585967),13.558705999999999,52.585967,0,0,0
300,node_0301,POINT (13.728151999999998 52.524159),13.728151999999998,52.524159,0,5,-5
301,node_0302,POINT (13.651263 52.197086),13.651263,52.197086,0,0,0
302,node_0303,POINT (13.581902999999999 52.314875),13.581902999999999,52.314875,0,0,0
303,node_0304,POINT (13.420144999999998 52.365261999999994),13.420144999999998,52.365261999999994,0,47,-47
304,node_0305,POINT (13.016325999999998 52.373533),13.016325999999998,52.373533,0,58,-58
305,node_0306,POINT (13.370350999999998 52.23807599999999),13.370350999999998,52.23807599999999,0,0,0
306,node_0307,POINT (12.917838999999999 52.176629999999996),12.917838999999999,52.176629999999996,0,0,0
307,node_0308,POINT (12.915851 52.29817),12.915851,52.29817,0,67,-67
308,node_0309,POINT (12.843602999999998 52.388922),12.843602999999998,52.388922,0,0,0
309,node_0310,POINT (13.214364 52.66354199999999),13.214364,52.66354199999999,24,59,-35
310,node_0311,POINT (12.453891 52.127627),12.453891,52.127627,0,0,0
311,node_0312,POINT (12.672304999999998 51.95650899999999),12.672304999999998,51.95650899999999,0,36,-36
312,node_0313,POINT (12.507508999999999 51.90089600000001),12.507508999999999,51.90089600000001,209,653,-444
313,node_0314,POINT (13.633302 51.63016),13.633302,51.63016,0,30,-30
314,node_0315,POINT (11.939728999999998 51.933602),11.939728999999998,51.933602,0,0,0
315,node_0316,POINT (11.138153 49.44825),11.138153,49.44825,0,123,-123
316,node_0317,POINT (10.871405 49.52931499999999),10.871405,49.52931499999999,0,77,-77
317,node_0318,POINT (10.453194999999997 49.68292699999999),10.453194999999997,49.68292699999999,0,28,-28
318,node_0319,POINT (9.905808 49.83915700000001),9.905808,49.83915700000001,46,113,-67
319,node_0320,POINT (9.132081999999999 49.786812),9.132081999999999,49.786812,0,125,-125
320,node_0321,POINT (8.91136 49.78904000000001),8.91136,49.78904000000001,0,28,-28
321,node_0322,POINT (9.559552 47.96670799999999),9.559552,47.96670799999999,22,167,-145
322,node_0323,POINT (9.778463999999998 48.360497),9.778463999999998,48.360497,91,145,-54
323,node_0324,POINT (9.883533999999997 48.525974999999995),9.883533999999997,48.525974999999995,0,4,-4
324,node_0325,POINT (10.188447 48.206022),10.188447,48.206022,0,45,-45
325,node_0326,POINT (9.386995 47.929933),9.386995,47.929933,0,39,-39
326,node_0327,POINT (8.994275 47.847184),8.994275,47.847184,0,0,0
327,node_0328,POINT (8.868478999999999 47.770212),8.868478999999999,47.770212,0,126,-126
328,node_0329,POINT (10.168350000000002 48.607474999999994),10.168350000000002,48.607474999999994,0,0,0
329,node_0330,POINT (10.039196999999998 48.833332),10.039196999999998,48.833332,0,104,-104
330,node_0331,POINT (9.795259 49.11948999999999),9.795259,49.11948999999999,0,36,-36
331,node_0332,POINT (9.227342999999998 49.200768999999994),9.227342999999998,49.200768999999994,0,193,-193
332,node_0333,POINT (9.08764 49.161873),9.08764,49.161873,0,880,-880
333,node_0334,POINT (8.607858 49.18937699999999),8.607858,49.18937699999999,0,36,-36
334,node_0335,POINT (8.57264 49.276384),8.57264,49.276384,0,54,-54
335,node_0336,POINT (8.554764999999998 49.397773),8.554764999999998,49.397773,0,36,-36
336,node_0337,POINT (8.458984999999998 49.045185),8.458984999999998,49.045185,0,136,-136
337,node_0338,POINT (7.924560999999999 48.46636),7.924560999999999,48.46636,0,142,-142
338,node_0339,POINT (8.347019 48.119584),8.347019,48.119584,0,145,-145
339,node_0340,POINT (8.591739 48.071164),8.591739,48.071164,30,105,-75
340,node_0341,POINT (9.213872 48.52619599999999),9.213872,48.52619599999999,0,0,0
341,node_0342,POINT (9.335752 48.61234700000001),9.335752,48.61234700000001,0,1053,-1053
342,node_0343,POINT (8.648186999999998 48.95568),8.648186999999998,48.95568,27,23,4
343,node_0344,POINT (8.977629 48.783847),8.977629,48.783847,0,0,0
344,node_0345,POINT (9.146297 48.708005),9.146297,48.708005,0,53,-53
345,node_0346,POINT (7.673591000000001 47.56344),7.673591000000001,47.56344,0,0,0
346,node_0347,POINT (7.240145999999999 52.35642200000001),7.240145999999999,52.35642200000001,0,36,-36
347,node_0348,POINT (7.084311 52.629981),7.084311,52.629981,0,0,0
348,node_0349,POINT (7.424095 52.673925000000004),7.424095,52.673925000000004,690,920,-230
349,node_0350,POINT (7.427535999999998 52.57598899999999),7.427535999999998,52.57598899999999,0,0,0
350,node_0351,POINT (7.843879 52.60560699999999),7.843879,52.60560699999999,0,1,-1
351,node_0352,POINT (8.408662 52.606601),8.408662,52.606601,0,0,0
352,node_0353,POINT (9.708357 52.211164999999994),9.708357,52.211164999999994,0,4,-4
353,node_0354,POINT (9.961157999999998 52.142579000000005),9.961157999999998,52.142579000000005,0,123,-123
354,node_0355,POINT (9.955439999999998 51.96254999999999),9.955439999999998,51.96254999999999,0,0,0
355,node_0356,POINT (9.949775 51.782514000000006),9.949775,51.782514000000006,0,50,-50
356,node_0357,POINT (10.232346 52.82074299999999),10.232346,52.82074299999999,0,0,0
357,node_0358,POINT (13.07687 48.84135),13.07687,48.84135,0,178,-178
358,node_0359,POINT (13.763840999999998 48.55906999999999),13.763840999999998,48.55906999999999,1040,113,927
359,node_0360,POINT (12.101388 47.888102999999994),12.101388,47.888102999999994,0,79,-79
360,node_0361,POINT (8.394883 49.563984),8.394883,49.563984,0,15,-15
361,node_0362,POINT (7.32885 53.8117),7.32885,53.8117,0,0,0
362,node_0363,POINT (12.463843999999998 48.14419),12.463843999999998,48.14419,0,38,-38
363,node_0364,POINT (11.555701999999998 51.891723),11.555701999999998,51.891723,1157,0,1157
364,node_0365,POINT (12.641492 48.179916),12.641492,48.179916,0,0,0
365,node_0366,POINT (13.224641 52.51327599999999),13.224641,52.51327599999999,0,0,0
366,node_0367,POINT (6.89157 51.09986399999999),6.89157,51.09986399999999,0,0,0
367,node_0368,POINT (13.428169999999998 54.10862),13.428169999999998,54.10862,0,0,0
368,node_0369,POINT (12.11858 47.73772999999999),12.11858,47.73772999999999,0,112,-112
369,node_0370,POINT (13.42279 54.268589999999996),13.42279,54.268589999999996,0,0,0
370,node_0371,POINT (7.192335999999998 53.212193),7.192335999999998,53.212193,0,0,0
371,node_0372,POINT (7.75643 48.52908),7.75643,48.52908,41,99,-58
372,node_0373,POINT (6.445939999999999 49.526959999999995),6.445939999999999,49.526959999999995,241,1186,-945
373,node_0374,POINT (7.244199999999999 49.14757),7.244199999999999,49.14757,0,1173,-1173
374,node_0375,POINT (12.51965 49.63553),12.51965,49.63553,5676,0,5676
375,node_0376,POINT (5.98559 50.793600000000005),5.98559,50.793600000000005,0,11,-11
376,node_0377,POINT (14.17582 53.90201999999999),14.17582,53.90201999999999,1,0,1
377,node_0378,POINT (9.59059 47.48454),9.59059,47.48454,0,0,0
378,node_0379,POINT (7.01965 52.124059999999986),7.01965,52.124059999999986,1056,0,1056
379,node_0380,POINT (7.457690000000001 53.69158900000001),7.457690000000001,53.69158900000001,0,0,0
384,node_0381,POINT (6.374354 51.726344),6.374354,51.726344,0,1,-1
385,node_0382,POINT (6.649206999999999 51.777819),6.649206999999999,51.777819,0,0,0
387,node_0383,POINT (6.100086999999999 51.96175099999999),6.100086999999999,51.96175099999999,0,0,0
392,node_0384,POINT (6.335239999999999 51.47837799999999),6.335239999999999,51.47837799999999,0,0,0
394,node_0385,POINT (6.4263650000000005 51.66375500000001),6.4263650000000005,51.66375500000001,0,0,0
395,node_0386,POINT (6.284121 51.31807800000001),6.284121,51.31807800000001,0,90,-90
398,node_0387,POINT (6.93569 51.22061899999999),6.93569,51.22061899999999,0,191,-191
400,node_0388,POINT (6.456999999999999 51.384),6.456999999999999,51.384,0,0,0
401,node_0389,POINT (6.17837 51.37066),6.17837,51.37066,0,0,0
410,node_0390,POINT (6.590201999999999 51.329672),6.590201999999999,51.329672,0,158,-158
411,node_0391,POINT (6.6642 51.339200000000005),6.6642,51.339200000000005,0,41,-41
412,node_0392,POINT (6.478119 51.1127),6.478119,51.1127,0,80,-80
415,node_0393,POINT (7.130128 50.845528999999985),7.130128,50.845528999999985,0,237,-237
418,node_0394,POINT (6.951191 50.91598200000001),6.951191,50.91598200000001,0,0,0
419,node_0395,POINT (6.772678999999999 51.05559),6.772678999999999,51.05559,0,0,0
420,node_0396,POINT (6.998246999999999 50.966092999999994),6.998246999999999,50.966092999999994,0,1340,-1340
423,node_0397,POINT (6.6436 51.46929999999998),6.6436,51.46929999999998,0,0,0
424,node_0398,POINT (6.716957 51.45110600000001),6.716957,51.45110600000001,25,61,-36
427,node_0399,POINT (7.0969 51.6804),7.0969,51.6804,0,1323,-1323
428,node_0400,POINT (6.849762 51.46531000000001),6.849762,51.46531000000001,0,0,0
433,node_0401,POINT (7.26685 51.507735000000004),7.26685,51.507735000000004,0,0,0
434,node_0402,POINT (6.833657 51.97324199999999),6.833657,51.97324199999999,0,0,0
437,node_0403,POINT (7.285733 52.47863399999999),7.285733,52.47863399999999,0,1,-1
438,node_0404,POINT (6.80335 51.99243),6.80335,51.99243,0,1,-1
441,node_0405,POINT (6.7467 51.398725000000006),6.7467,51.398725000000006,266,2077,-1811
442,node_0406,POINT (7.214398 51.207903),7.214398,51.207903,0,296,-296
443,node_0407,POINT (7.200299999999999 51.26890000000001),7.200299999999999,51.26890000000001,0,0,0
447,node_0408,POINT (6.959399999999999 50.83050000000001),6.959399999999999,50.83050000000001,209,2274,-2065
448,node_0409,POINT (6.800373 50.632522),6.800373,50.632522,0,4,-4
450,node_0410,POINT (7.080499999999999 50.73380000000001),7.080499999999999,50.73380000000001,0,0,0
454,node_0411,POINT (9.311253 50.551258),9.311253,50.551258,0,67,-67
458,node_0412,POINT (8.641864 50.411936999999995),8.641864,50.411936999999995,0,169,-169
461,node_0413,POINT (8.806688 50.519022),8.806688,50.519022,0,85,-85
462,node_0414,POINT (8.714253 50.79117800000001),8.714253,50.79117800000001,0,76,-76
463,node_0415,POINT (7.714182000000001 50.773315),7.714182000000001,50.773315,0,41,-41
465,node_0416,POINT (7.853322000000001 50.899628),7.853322000000001,50.899628,0,0,0
469,node_0417,POINT (8.083304 52.21842300000001),8.083304,52.21842300000001,67,136,-69
475,node_0418,POINT (7.379041 52.320094000000005),7.379041,52.320094000000005,0,37,-37
478,node_0419,POINT (7.4769999999999985 51.5197),7.4769999999999985,51.5197,0,254,-254
482,node_0420,POINT (8.044505 52.009094),8.044505,52.009094,0,0,0
486,node_0421,POINT (8.485382 51.951235999999994),8.485382,51.951235999999994,0,0,0
489,node_0422,POINT (9.311697999999998 52.134783999999996),9.311697999999998,52.134783999999996,0,48,-48
494,node_0423,POINT (8.933875 52.56853000000001),8.933875,52.56853000000001,0,0,0
505,node_0424,POINT (9.57276 52.431861),9.57276,52.431861,0,10,-10
506,node_0425,POINT (9.368099999999998 52.418499999999995),9.368099999999998,52.418499999999995,0,0,0
507,node_0426,POINT (7.880748999999999 52.439716999999995),7.880748999999999,52.439716999999995,0,0,0
508,node_0427,POINT (7.641300000000001 51.95009999999999),7.641300000000001,51.95009999999999,0,181,-181
509,node_0428,POINT (7.7461 52.2859),7.7461,52.2859,0,1,-1
511,node_0429,POINT (11.173175999999998 48.413933),11.173175999999998,48.413933,0,116,-116
519,node_0430,POINT (10.28053 48.444309999999994),10.28053,48.444309999999994,0,77,-77
522,node_0431,POINT (10.000695 48.284870999999995),10.000695,48.284870999999995,0,89,-89
523,node_0432,POINT (10.935799999999999 48.401),10.935799999999999,48.401,0,0,0
526,node_0433,POINT (10.815858999999998 48.23657899999999),10.815858999999998,48.23657899999999,26,77,-51
529,node_0434,POINT (11.5559 48.1143),11.5559,48.1143,0,1584,-1584
534,node_0435,POINT (11.816447 48.04262899999999),11.816447,48.04262899999999,0,44,-44
536,node_0436,POINT (11.055399999999999 47.7895),11.055399999999999,47.7895,51,51,0
537,node_0437,POINT (10.334394999999999 47.647738999999994),10.334394999999999,47.647738999999994,0,72,-72
538,node_0438,POINT (10.607101 47.56577),10.607101,47.56577,0,0,0
539,node_0439,POINT (10.75419 47.54209),10.75419,47.54209,0,0,0
540,node_0440,POINT (12.22717 47.6481),12.22717,47.6481,0,0,0
545,node_0441,POINT (12.421017999999998 47.918836),12.421017999999998,47.918836,0,160,-160
546,node_0442,POINT (11.741713 48.894175999999995),11.741713,48.894175999999995,0,91,-91
547,node_0443,POINT (12.708264 48.11596399999999),12.708264,48.11596399999999,1877,5,1872
550,node_0444,POINT (12.1852 48.05639999999999),12.1852,48.05639999999999,0,0,0
551,node_0445,POINT (11.595699999999999 48.18889999999999),11.595699999999999,48.18889999999999,0,72,-72
553,node_0446,POINT (12.4634 48.6403),12.4634,48.6403,0,105,-105
554,node_0447,POINT (12.455545999999998 49.114122),12.455545999999998,49.114122,0,75,-75
557,node_0448,POINT (10.71039 53.19676),10.71039,53.19676,0,59,-59
559,node_0449,POINT (13.7101 53.85629999999999),13.7101,53.85629999999999,0,75,-75
562,node_0450,POINT (13.623087999999997 51.92773999999999),13.623087999999997,51.92773999999999,0,0,0
564,node_0451,POINT (13.395942999999999 50.867205999999996),13.395942999999999,50.867205999999996,0,1,-1
570,node_0452,POINT (12.539920999999998 49.661826),12.539920999999998,49.661826,0,0,0
571,node_0453,POINT (13.521729999999998 50.63739),13.521729999999998,50.63739,0,0,0
573,node_0454,POINT (18.909979999999997 52.73837999999999),18.909979999999997,52.73837999999999,0,0,0
577,node_0455,POINT (13.792438999999998 52.422729),13.792438999999998,52.422729,0,0,0
580,node_0456,POINT (12.234113000000002 51.65884),12.234113000000002,51.65884,0,11,-11
582,node_0457,POINT (12.495754 50.97813),12.495754,50.97813,0,26,-26
586,node_0458,POINT (12.060999999999998 50.907599999999995),12.060999999999998,50.907599999999995,0,75,-75
588,node_0459,POINT (11.585699999999997 50.8969),11.585699999999997,50.8969,0,190,-190
590,node_0460,POINT (11.329299999999998 50.686899999999994),11.329299999999998,50.686899999999994,56,164,-108
592,node_0461,POINT (11.0299 50.98479999999999),11.0299,50.98479999999999,0,202,-202
594,node_0462,POINT (10.2906 50.9816),10.2906,50.9816,0,50,-50
595,node_0463,POINT (10.698699999999999 50.63149999999999),10.698699999999999,50.63149999999999,0,96,-96
597,node_0464,POINT (10.2206 50.80030000000001),10.2206,50.80030000000001,0,41,-41
606,node_0465,POINT (9.202601 52.061565),9.202601,52.061565,0,6,-6
607,node_0466,POINT (8.8666 52.0262),8.8666,52.0262,0,105,-105
608,node_0467,POINT (8.8073 51.9861),8.8073,51.9861,0,1,-1
610,node_0468,POINT (9.6813 50.56909999999999),9.6813,50.56909999999999,24,84,-60
613,node_0469,POINT (8.475607 49.818167999999986),8.475607,49.818167999999986,0,0,0
615,node_0470,POINT (9.482867 53.43546899999999),9.482867,53.43546899999999,539,0,539
616,node_0471,POINT (8.4088 51.907299999999985),8.4088,51.907299999999985,0,112,-112
617,node_0472,POINT (6.818729 51.172893),6.818729,51.172893,65,166,-101
618,node_0473,POINT (6.714200000000001 51.21915),6.714200000000001,51.21915,0,2,-2
621,node_0474,POINT (6.841 50.85929999999999),6.841,50.85929999999999,21,8,13
624,node_0475,POINT (6.217289999999999 50.700959999999995),6.217289999999999,50.700959999999995,1812,1241,571
632,node_0476,POINT (12.32804 49.69749),12.32804,49.69749,3,120,-117
635,node_0477,POINT (11.1329 49.405899999999995),11.1329,49.405899999999995,0,36,-36
636,node_0478,POINT (11.007699999999998 49.4208),11.007699999999998,49.4208,0,0,0
648,node_0479,POINT (8.553427 49.756057),8.553427,49.756057,0,0,0
649,node_0480,POINT (8.284674999999998 49.487084),8.284674999999998,49.487084,0,64,-64
652,node_0481,POINT (5.747542999999999 50.748580000000004),5.747542999999999,50.748580000000004,0,0,0
662,node_0482,POINT (7.890746999999999 49.507522),7.890746999999999,49.507522,0,23,-23
664,node_0483,POINT (7.760199999999999 49.43469999999999),7.760199999999999,49.43469999999999,0,64,-64
668,node_0484,POINT (7.935999999999998 49.20949999999999),7.935999999999998,49.20949999999999,0,35,-35
671,node_0485,POINT (8.411373 48.941723999999994),8.411373,48.941723999999994,0,0,0
674,node_0486,POINT (8.078997000000001 48.74406),8.078997000000001,48.74406,0,87,-87
677,node_0487,POINT (7.527810000000001 47.988099999999996),7.527810000000001,47.988099999999996,0,87,-87
678,node_0488,POINT (7.8072 47.5708),7.8072,47.5708,0,0,0
679,node_0489,POINT (7.874950000000001 47.52101999999999),7.874950000000001,47.52101999999999,0,0,0
684,node_0490,POINT (8.4709 49.5307),8.4709,49.5307,21,1539,-1518
685,node_0491,POINT (8.2816 49.0475),8.2816,49.0475,66,10,56
686,node_0492,POINT (8.307 49.07),8.307,49.07,0,39,-39
691,node_0493,POINT (7.912085000000001 53.46106400000001),7.912085000000001,53.46106400000001,5515,0,5515
696,node_0494,POINT (11.177916999999999 52.680083999999994),11.177916999999999,52.680083999999994,0,24,-24
699,node_0495,POINT (11.094050999999999 52.83726899999999),11.094050999999999,52.83726899999999,0,0,0
702,node_0496,POINT (7.407857 53.257245000000005),7.407857,53.257245000000005,5021,0,5021
703,node_0497,POINT (7.4235929999999986 53.233796),7.4235929999999986,53.233796,1737,2,1735
705,node_0498,POINT (8.400698999999998 53.194261),8.400698999999998,53.194261,182,274,-92
706,node_0499,POINT (8.3642 52.95562000000001),8.3642,52.95562000000001,0,40,-40
710,node_0500,POINT (8.232263 52.588964),8.232263,52.588964,0,45,-45
712,node_0501,POINT (9.34391 55.57512),9.34391,55.57512,0,0,0
716,node_0502,POINT (10.1267 54.32749999999999),10.1267,54.32749999999999,0,316,-316
718,node_0503,POINT (9.484391 53.656056),9.484391,53.656056,6285,997,5288
723,node_0504,POINT (9.950799999999997 53.5177),9.950799999999997,53.5177,77,267,-190
727,node_0505,POINT (10.065799999999998 53.5267),10.065799999999998,53.5267,0,25,-25
728,node_0506,POINT (10.655501 53.700099),10.655501,53.700099,0,60,-60
729,node_0507,POINT (10.614455 53.989616),10.614455,53.989616,0,97,-97
730,node_0508,POINT (10.836841 53.79321800000001),10.836841,53.79321800000001,0,69,-69
731,node_0509,POINT (9.243662 53.340059999999994),9.243662,53.340059999999994,0,0,0
734,node_0510,POINT (10.976654 53.130304),10.976654,53.130304,0,16,-16
737,node_0511,POINT (10.942675 52.801136999999976),10.942675,52.801136999999976,1529,0,1529
740,node_0512,POINT (8.716305 53.162569),8.716305,53.162569,673,2106,-1433
741,node_0513,POINT (8.701039 53.85786800000001),8.701039,53.85786800000001,2392,392,2000
742,node_0514,POINT (7.832023000000001 53.148543999999994),7.832023000000001,53.148543999999994,20,39,-19
745,node_0515,POINT (6.901575 53.3089),6.901575,53.3089,0,0,0
749,node_0516,POINT (7.862423999999999 52.706142),7.862423999999999,52.706142,0,0,0
752,node_0517,POINT (6.849516 52.50547199999999),6.849516,52.50547199999999,0,0,0
753,node_0518,POINT (6.82606 52.67804999999999),6.82606,52.67804999999999,0,0,0
758,node_0519,POINT (9.763986 53.12394900000001),9.763986,53.12394900000001,0,0,0
759,node_0520,POINT (9.649999999999999 52.9),9.649999999999999,52.9,0,79,-79
760,node_0521,POINT (10.106536999999998 53.022223),10.106536999999998,53.022223,0,0,0
761,node_0522,POINT (10.2457 52.6235),10.2457,52.6235,0,2,-2
763,node_0523,POINT (10.15975 52.36592),10.15975,52.36592,26,102,-76
764,node_0524,POINT (10.776077 52.495082),10.776077,52.495082,0,473,-473
765,node_0525,POINT (10.514699999999998 52.278600000000004),10.514699999999998,52.278600000000004,0,252,-252
767,node_0526,POINT (8.774215 51.81391099999998),8.774215,51.81391099999998,0,55,-55
768,node_0527,POINT (8.6482 52.19509999999999),8.6482,52.19509999999999,0,77,-77
769,node_0528,POINT (9.993933999999998 50.897951),9.993933999999998,50.897951,0,31,-31
770,node_0529,POINT (8.4141 49.99199999999999),8.4141,49.99199999999999,0,924,-924
771,node_0530,POINT (8.2379 50.0264),8.2379,50.0264,2,899,-897
772,node_0531,POINT (8.3589 49.663299999999985),8.3589,49.663299999999985,0,26,-26
773,node_0532,POINT (7.724780999999999 51.67002999999999),7.724780999999999,51.67002999999999,0,706,-706
775,node_0533,POINT (8.510986 51.65969200000001),8.510986,51.65969200000001,0,107,-107
782,node_0534,POINT (7.928800000000001 51.67360000000001),7.928800000000001,51.67360000000001,0,0,0
784,node_0535,POINT (8.426468 51.19189699999999),8.426468,51.19189699999999,0,0,0
785,node_0536,POINT (8.5999 51.4085),8.5999,51.4085,0,93,-93
786,node_0537,POINT (7.227 51.48708),7.227,51.48708,0,586,-586
787,node_0538,POINT (7.117511999999999 51.59068200000001),7.117511999999999,51.59068200000001,0,80,-80
788,node_0539,POINT (6.882478 51.351749999999996),6.882478,51.351749999999996,0,0,0
789,node_0540,POINT (6.786499999999999 51.2545),6.786499999999999,51.2545,0,907,-907
790,node_0541,POINT (6.114677 51.014721),6.114677,51.014721,0,77,-77
791,node_0542,POINT (6.7275 51.491),6.7275,51.491,418,3072,-2654
793,node_0543,POINT (7.7758449999999995 51.02382599999999),7.7758449999999995,51.02382599999999,0,36,-36
794,node_0544,POINT (6.653600000000001 50.7055),6.653600000000001,50.7055,23,4,19
795,node_0545,POINT (6.4879999999999995 50.77490000000001),6.4879999999999995,50.77490000000001,0,9,-9
798,node_0546,POINT (7.066855 50.937225),7.066855,50.937225,0,1,-1
799,node_0547,POINT (7.705230000000001 51.27723999999999),7.705230000000001,51.27723999999999,0,124,-124
800,node_0548,POINT (8.1282 53.4032),8.1282,53.4032,32,41,-9
801,node_0549,POINT (7.34161 53.54575),7.34161,53.54575,0,0,0
802,node_0550,POINT (7.2869399999999995 53.314880999999986),7.2869399999999995,53.314880999999986,9358,18,9340
803,node_0551,POINT (9.650891999999999 52.339624),9.650891999999999,52.339624,2165,0,2165
807,node_0552,POINT (15.039349999999999 51.22406999999999),15.039349999999999,51.22406999999999,0,0,0
809,node_0553,POINT (15.239624999999998 51.229144999999995),15.239624999999998,51.229144999999995,0,0,0
816,node_0554,POINT (14.420269999999999 52.226195),14.420269999999999,52.226195,0,143,-143
820,node_0555,POINT (13.7086 51.042100000000005),13.7086,51.042100000000005,0,382,-382
822,node_0556,POINT (13.366500000000002 51.11626299999999),13.366500000000002,51.11626299999999,0,0,0
824,node_0557,POINT (13.715000000000002 51.12699999999999),13.715000000000002,51.12699999999999,0,0,0
825,node_0558,POINT (13.9776 51.151399999999995),13.9776,51.151399999999995,0,0,0
828,node_0559,POINT (13.971099999999998 51.51219999999999),13.971099999999998,51.51219999999999,0,129,-129
830,node_0560,POINT (13.8891 51.4762),13.8891,51.4762,0,0,0
839,node_0561,POINT (12.9231 50.857),12.9231,50.857,0,304,-304
840,node_0562,POINT (12.385286 51.05443),12.385286,51.05443,0,0,0
841,node_0563,POINT (13.016599999999999 51.0513),13.016599999999999,51.0513,0,2,-2
845,node_0564,POINT (12.591999999999999 51.4656),12.591999999999999,51.4656,0,63,-63
847,node_0565,POINT (12.944735999999999 51.361835),12.944735999999999,51.361835,27,16,11
851,node_0566,POINT (12.378399999999997 51.3512),12.378399999999997,51.3512,25,329,-304
852,node_0567,POINT (12.022265999999998 51.77622600000001),12.022265999999998,51.77622600000001,0,158,-158
858,node_0568,POINT (12.327 51.6257),12.327,51.6257,0,2,-2
861,node_0569,POINT (12.0193 51.29979999999999),12.0193,51.29979999999999,0,0,0
865,node_0570,POINT (11.031415 51.15325),11.031415,51.15325,0,21,-21
866,node_0571,POINT (10.702464 51.219587),10.702464,51.219587,49,72,-23
867,node_0572,POINT (10.75 51.219587),10.75,51.219587,0,0,0
869,node_0573,POINT (11.966049999999997 51.474649),11.966049999999997,51.474649,0,207,-207
871,node_0574,POINT (11.751399 51.80334),11.751399,51.80334,33,32,1
872,node_0575,POINT (11.055522 51.48688099999999),11.055522,51.48688099999999,28,150,-122
874,node_0576,POINT (11.785769999999998 51.95098),11.785769999999998,51.95098,0,0,0
875,node_0577,POINT (11.630427999999998 52.028699),11.630427999999998,52.028699,0,0,0
880,node_0578,POINT (11.165983999999998 52.180093),11.165983999999998,52.180093,0,0,0
882,node_0579,POINT (11.857046 52.265755),11.857046,52.265755,0,28,-28
884,node_0580,POINT (11.6796 52.2985),11.6796,52.2985,0,0,0
887,node_0581,POINT (11.52978 52.63758),11.52978,52.63758,0,0,0
888,node_0582,POINT (12.358116999999998 52.534361000000004),12.358116999999998,52.534361000000004,0,52,-52
889,node_0583,POINT (11.8325 52.60869999999999),11.8325,52.60869999999999,63,45,18
894,node_0584,POINT (12.875172 52.494353999999994),12.875172,52.494353999999994,0,0,0
898,node_0585,POINT (11.360764999999999 53.422765999999996),11.360764999999999,53.422765999999996,709,64,645
900,node_0586,POINT (11.379824 53.569213000000005),11.379824,53.569213000000005,0,0,0
903,node_0587,POINT (11.357269 53.65818600000001),11.357269,53.65818600000001,0,31,-31
905,node_0588,POINT (12.091701 54.123003999999995),12.091701,54.123003999999995,0,491,-491
914,node_0589,POINT (13.2951 53.57449999999999),13.2951,53.57449999999999,0,0,0
917,node_0590,POINT (13.396861999999999 53.721273),13.396861999999999,53.721273,0,0,0
920,node_0591,POINT (13.560305999999999 53.994342),13.560305999999999,53.994342,0,0,0
921,node_0592,POINT (14.257099999999998 53.865680000000005),14.257099999999998,53.865680000000005,0,0,0
924,node_0593,POINT (13.917851999999998 53.347509),13.917851999999998,53.347509,47,335,-288
927,node_0594,POINT (15.5944 52.444160000000004),15.5944,52.444160000000004,0,0,0
928,node_0595,POINT (13.421 52.511599999999994),13.421,52.511599999999994,0,2766,-2766
929,node_0596,POINT (13.781176999999998 52.483266),13.781176999999998,52.483266,307,84,223
933,node_0597,POINT (13.415014999999999 52.32908),13.415014999999999,52.32908,0,0,0
934,node_0598,POINT (13.309800000000001 52.4252),13.309800000000001,52.4252,0,0,0
936,node_0599,POINT (13.112499999999999 52.3661),13.112499999999999,52.3661,0,0,0
938,node_0600,POINT (13.301899999999998 52.2302),13.301899999999998,52.2302,0,195,-195
942,node_0601,POINT (12.40772 52.39792800000001),12.40772,52.39792800000001,25,82,-57
943,node_0602,POINT (11.876599999999998 51.9832),11.876599999999998,51.9832,0,0,0
944,node_0603,POINT (11.0606 49.438599999999994),11.0606,49.438599999999994,0,641,-641
945,node_0604,POINT (11.0016 49.592999999999996),11.0016,49.592999999999996,0,205,-205
946,node_0605,POINT (10.651399999999999 49.98400000000001),10.651399999999999,49.98400000000001,37,418,-381
947,node_0606,POINT (9.9231 49.8),9.9231,49.8,0,283,-283
948,node_0607,POINT (9.1482 49.8293),9.1482,49.8293,0,0,0
949,node_0608,POINT (9.1558 49.98819999999999),9.1558,49.98819999999999,28,158,-130
950,node_0609,POINT (9.011699999999998 49.81079999999999),9.011699999999998,49.81079999999999,0,0,0
952,node_0610,POINT (9.414961 47.85120799999999),9.414961,47.85120799999999,0,70,-70
954,node_0611,POINT (9.600929999999998 47.537769999999995),9.600929999999998,47.537769999999995,0,62,-62
955,node_0612,POINT (9.508592 48.64110099999999),9.508592,48.64110099999999,0,1,-1
956,node_0613,POINT (9.814814 48.615944000000006),9.814814,48.615944000000006,0,114,-114
957,node_0614,POINT (10.114399999999998 48.16030000000001),10.114399999999998,48.16030000000001,0,52,-52
961,node_0615,POINT (9.00524 47.47335000000001),9.00524,47.47335000000001,0,0,0
962,node_0616,POINT (8.723711 47.74369299999999),8.723711,47.74369299999999,0,0,0
963,node_0617,POINT (8.68459 47.73421),8.68459,47.73421,0,0,0
964,node_0618,POINT (10.163674999999998 48.65981),10.163674999999998,48.65981,38,73,-35
965,node_0619,POINT (9.642154 48.968540999999995),9.642154,48.968540999999995,1,130,-129
968,node_0620,POINT (9.070244 48.961434999999994),9.070244,48.961434999999994,0,279,-279
972,node_0621,POINT (8.644253 49.32747299999999),8.644253,49.32747299999999,31,26,5
973,node_0622,POINT (8.67361 49.412325),8.67361,49.412325,0,217,-217
978,node_0623,POINT (9.185599999999999 48.493900000000004),9.185599999999999,48.493900000000004,0,89,-89
979,node_0624,POINT (9.071500000000002 48.5109),9.071500000000002,48.5109,0,166,-166
981,node_0625,POINT (9.3749 48.7176),9.3749,48.7176,0,0,0
983,node_0626,POINT (8.665299999999998 48.883199999999995),8.665299999999998,48.883199999999995,0,238,-238
984,node_0627,POINT (8.9992 48.6972),8.9992,48.6972,0,202,-202
985,node_0628,POINT (9.110299999999999 48.75079999999999),9.110299999999999,48.75079999999999,0,392,-392
986,node_0629,POINT (7.439650000000001 47.67993),7.439650000000001,47.67993,0,5,-5
987,node_0630,POINT (7.600275000000001 47.43527000000001),7.600275000000001,47.43527000000001,0,0,0
988,node_0631,POINT (7.706899999999999 47.5397),7.706899999999999,47.5397,0,0,0
989,node_0632,POINT (6.562500000000001 52.687575),6.562500000000001,52.687575,0,0,0
991,node_0633,POINT (8.890129 52.850575),8.890129,52.850575,0,0,0
992,node_0634,POINT (10.362077 52.154025),10.362077,52.154025,293,1223,-930
995,node_0635,POINT (9.8225 51.9851),9.8225,51.9851,0,25,-25
996,node_0636,POINT (9.9337 51.55339999999999),9.9337,51.55339999999999,0,307,-307
997,node_0637,POINT (10.3531 51.6627),10.3531,51.6627,0,41,-41
998,node_0638,POINT (10.088771 52.928304),10.088771,52.928304,0,0,0
999,node_0639,POINT (10.758663999999998 52.83860599999999),10.758663999999998,52.83860599999999,0,0,0
1000,node_0640,POINT (12.882499999999999 48.7874),12.882499999999999,48.7874,49,48,1
1001,node_0641,POINT (14.423513000000002 48.521272999999994),14.423513000000002,48.521272999999994,0,0,0
1002,node_0642,POINT (12.134100000000002 47.8561),12.134100000000002,47.8561,0,22,-22
1004,node_0643,POINT (8.4316 49.51364999999999),8.4316,49.51364999999999,209,1962,-1753
1005,node_0644,POINT (7.344800000000001 53.84503),7.344800000000001,53.84503,0,0,0
1006,node_0645,POINT (12.419398 48.121349),12.419398,48.121349,0,0,0
1007,node_0646,POINT (11.5738 51.86549999999998),11.5738,51.86549999999998,0,0,0
1008,node_0647,POINT (12.593260000000003 48.26284),12.593260000000003,48.26284,0,0,0
1009,node_0648,POINT (13.3093 52.5222),13.3093,52.5222,0,0,0
1010,node_0649,POINT (6.844284999999999 51.070585),6.844284999999999,51.070585,209,2192,-1983
1011,node_0650,POINT (13.385 54.09729999999999),13.385,54.09729999999999,0,0,0
1012,node_0651,POINT (12.119299999999999 47.79600000000001),12.119299999999999,47.79600000000001,34,31,3
1013,node_0652,POINT (28.30912 60.44315),28.30912,60.44315,0,0,0
1014,node_0653,POINT (6.251689999999999 49.547599999999996),6.251689999999999,49.547599999999996,0,0,0
1015,node_0654,POINT (7.021299999999999 49.03974999999999),7.021299999999999,49.03974999999999,0,59,-59
1016,node_0655,POINT (12.945949999999998 49.760375),12.945949999999998,49.760375,0,0,0
1017,node_0656,POINT (14.342264999999998 53.8271),14.342264999999998,53.8271,0,0,0
1018,node_0657,POINT (6.386149999999999 52.47225),6.386149999999999,52.47225,0,0,0
1019,node_0658,POINT (2.4690659999999998 58.18813699999999),2.4690659999999998,58.18813699999999,0,0,0
1020,node_0659,POINT (5.519794 59.272825000000005),5.519794,59.272825000000005,0,0,0
