Commodity,Edge,Flow,New Capacity,Switched,Changed Capacity
Methane,"('DZ', 'ES')",0.0,0.0,1.0,123041.5
Methane,"('RS', 'BA')",9469.790436157109,2907.0904361571093,1.0,6562.7
Methane,"('AL', 'IT')",0.0,0.0,1.0,177791.5
Methane,"('FR', 'ES')",0.0,0.0,1.0,60068.78
Methane,"('NL', 'BE')",0.0,0.0,1.0,509978.0
Methane,"('LT', 'LV')",16018.07132,0.0,1.0,24674.0
Methane,"('AT', 'IT')",0.0,0.0,1.0,419750.0
Methane,"('PL', 'DE')",0.0,0.0,1.0,340034.0
Methane,"('EE', 'LV')",0.0,0.0,1.0,24710.5
Methane,"('FI', 'EE')",0.0,0.0,1.0,11972.82125
Methane,"('DE', 'BE')",0.0,0.0,1.0,144594.75
Methane,"('FR', 'BE')",97339.33746195814,0.0,1.0,98550.0
Methane,"('RU', 'TR')",41355.34035096404,0.0,1.0,349998.5
Methane,"('CH', 'IT')",78900.67621685736,0.0,1.0,233746.0
Methane,"('HU', 'HR')",0.0,0.0,1.0,28251.0
Methane,"('FR', 'CH')",111285.51232796848,29890.512327968478,1.0,81395.0
Methane,"('DE', 'FR')",0.0,0.0,1.0,224006.34
Methane,"('CZ', 'SK')",45801.14828944444,0.0,1.0,454936.0
Methane,"('AT', 'HU')",101992.04730157823,46110.54730157823,1.0,55881.5
Methane,"('TR', 'EL')",676.5478925266734,0.0,1.0,144175.0
Methane,"('CZ', 'PL')",0.0,0.0,1.0,10220.0
Methane,"('LV', 'LT')",0.0,0.0,1.0,23761.5
Methane,"('TN', 'IT')",348471.089434529,0.0,1.0,415406.5
Methane,"('BG', 'MK')",3174.72765343728,0.0,1.0,9993.7
Methane,"('BE', 'FR')",0.0,0.0,1.0,317550.0
Methane,"('RO', 'UA')",0.0,0.0,1.0,44603.0
Methane,"('BY', 'LT')",0.0,0.0,1.0,118771.0
Methane,"('NO', 'UK')",0.0,0.0,1.0,513190.0
Methane,"('MD', 'UA')",0.0,0.0,1.0,29508.9739527
Methane,"('DE', 'PL')",20702.42755937575,0.0,1.0,85227.5
Methane,"('EL', 'AL')",7162.06929252667,0.0,1.0,177791.5
Methane,"('DK', 'DE')",0.0,0.0,1.0,1503.435
Methane,"('LU', 'BE')",0.0,0.0,1.0,15320.34283
Methane,"('RS', 'HU')",0.0,0.0,1.0,89717.0
Methane,"('RU', 'DE')",0.0,0.0,1.0,513190.0
Methane,"('DE', 'LU')",0.0,0.0,1.0,9749.15
Methane,"('RO', 'HU')",0.0,0.0,1.0,18359.5
Methane,"('BG', 'EL')",0.0,0.0,1.0,42997.0
Methane,"('SI', 'HR')",0.0,0.0,1.0,19600.5
Methane,"('SK', 'UA')",0.0,0.0,1.0,102492.0
Methane,"('ES', 'FR')",282539.69954667665,200633.69954667665,1.0,81906.0
Methane,"('TR', 'BG')",31178.46888343728,0.0,1.0,210250.95
Methane,"('EL', 'BG')",0.0,0.0,1.0,23659.3
Methane,"('BE', 'LU')",7059.178429749999,0.0,1.0,15320.34283
Methane,"('HR', 'SI')",0.0,0.0,1.0,2810.5
Methane,"('AT', 'SI')",0.0,0.0,1.0,41062.5
Methane,"('SK', 'HU')",0.0,0.0,1.0,47048.5
Methane,"('IT', 'AT')",0.0,0.0,1.0,70627.5
Methane,"('UA', 'SK')",0.0,0.0,1.0,816067.0
Methane,"('DE', 'AT')",177741.51681408836,52090.99681408836,1.0,125650.52
Methane,"('NL', 'UK')",0.0,0.0,1.0,180456.0
Methane,"('UA', 'HU')",0.0,0.0,1.0,188194.0
Methane,"('NO', 'NL')",91822.82788319234,0.0,1.0,351714.0
Methane,"('RU', 'FI')",18910.099332777783,0.0,1.0,80300.0
Methane,"('UA', 'PL')",0.0,0.0,1.0,49494.0
Methane,"('LT', 'RU')",0.0,0.0,1.0,41683.0
Methane,"('PT', 'ES')",12342.83553737674,0.0,1.0,29200.0
Methane,"('DK', 'SE')",9681.33725,0.0,1.0,14965.0
Methane,"('BG', 'RS')",0.0,0.0,1.0,145317.45
Methane,"('RS', 'BG')",0.0,0.0,1.0,122369.9
Methane,"('RO', 'BG')",0.0,0.0,1.0,294098.75
Methane,"('LV', 'RU')",0.0,0.0,1.0,31025.0
Methane,"('UK', 'NL')",44089.37606682681,0.0,1.0,67452.0
Methane,"('AT', 'DE')",0.0,0.0,1.0,124088.32
Methane,"('CZ', 'DE')",0.0,0.0,1.0,449592.035
Methane,"('HU', 'SK')",0.0,0.0,1.0,18572.295
Methane,"('RU', 'UA')",124901.10468997086,0.0,1.0,486910.0
Methane,"('BE', 'NL')",0.0,0.0,1.0,120888.0
Methane,"('BG', 'RO')",0.0,0.0,1.0,54074.75
Methane,"('NO', 'DE')",1000000.0,544845.0,1.0,455155.0
Methane,"('BE', 'UK')",0.0,0.0,1.0,95301.5
Methane,"('DZ', 'MA')",7001.781042743663,0.0,1.0,123041.5
Methane,"('ES', 'PT')",0.0,0.0,1.0,52560.0
Methane,"('MD', 'RO')",0.0,0.0,1.0,803.0
Methane,"('LV', 'EE')",5533.029444999998,0.0,1.0,24710.5
Methane,"('SK', 'AT')",0.0,0.0,1.0,573196.0
Methane,"('DE', 'DK')",18425.94820709651,0.0,1.0,49680.88
Methane,"('CH', 'DE')",0.0,0.0,1.0,63072.0
Methane,"('LY', 'IT')",48847.186946816495,0.0,1.0,173667.0
Methane,"('BG', 'TR')",0.0,0.0,1.0,181463.4
Methane,"('IT', 'SI')",8302.805820583826,0.0,1.0,10402.5
Methane,"('BE', 'DE')",12195.583432208135,0.0,1.0,117811.05
Methane,"('RO', 'MD')",0.0,0.0,1.0,5876.5
Methane,"('SK', 'CZ')",0.0,0.0,1.0,167024.0
Methane,"('RU', 'LV')",0.0,0.0,1.0,61320.0
Methane,"('BY', 'PL')",73790.11400729093,0.0,1.0,439277.5
Methane,"('NO', 'BE')",0.0,0.0,1.0,167754.0
Methane,"('DE', 'NL')",0.0,0.0,1.0,594330.5950000001
Methane,"('EE', 'FI')",1331.4409449999976,0.0,1.0,22389.582165
Methane,"('UA', 'RO')",21939.052538611097,0.0,1.0,73584.0
Methane,"('UK', 'IE')",32030.28155817336,0.0,1.0,140525.0
Methane,"('DE', 'CZ')",126562.89928944445,0.0,1.0,658376.05
Methane,"('IT', 'CH')",0.0,0.0,1.0,157461.0
Methane,"('NL', 'DE')",134658.50343779684,0.0,1.0,702907.145
Methane,"('HU', 'RS')",24258.05213550689,0.0,1.0,51830.0
Methane,"('UK', 'BE')",0.0,0.0,1.0,82928.0
Methane,"('DE', 'CH')",0.0,0.0,1.0,119720.0
Methane,"('NO', 'FR')",0.0,0.0,1.0,207502.5
Methane,"('RU', 'BY')",247217.47046746773,0.0,1.0,439277.5
Methane,"('MA', 'ES')",0.0,0.0,1.0,161622.0
Methane,"('AT', 'SK')",0.0,0.0,1.0,89972.5
Methane,"('UA', 'MD')",6993.868709865174,0.0,1.0,93243.07319980001
Methane,"('SI', 'IT')",0.0,0.0,1.0,7847.5
Methane,"('HR', 'HU')",5388.89344503979,0.0,1.0,17728.05
Methane,"('CH', 'FR')",0.0,0.0,1.0,36500.0
Methane,"('HU', 'RO')",0.0,0.0,1.0,28287.5
Methane,"('BY', 'UA')",0.0,0.0,1.0,12969.0744128
Methane,"('DZ', 'TN')",364986.8167072563,0.0,1.0,415406.5
Methane,"('NL_LNG_imp', 'NL')",117240.0,0.0,1.0,117240.0
Methane,"('ES_LNG_imp', 'ES')",587177.0,0.0,1.0,587177.0
Methane,"('PL_LNG_imp', 'PL')",56666.0,0.0,1.0,56666.0
Methane,"('HR_LNG_imp', 'HR')",25402.0,0.0,1.0,25402.0
Methane,"('IT_LNG_imp', 'IT')",154366.0,0.0,1.0,154366.0
Methane,"('FR_LNG_imp', 'FR')",322409.9999999999,0.0,1.0,322410.0
Methane,"('UK_LNG_imp', 'UK')",469937.0,0.0,1.0,469937.0
Methane,"('EL_LNG_imp', 'EL')",68390.0,0.0,1.0,68390.0
Methane,"('BE_LNG_imp', 'BE')",87930.0,0.0,1.0,87930.0
Methane,"('TR_LNG_imp', 'TR')",144596.0,0.0,1.0,144596.0
Methane,"('PT_LNG_imp', 'PT')",71321.0,0.0,1.0,71321.0
Methane,"('LT_LNG_imp', 'LT')",39080.0,0.0,1.0,39080.0
Methane,"('JS_LNG_imp', 'JS')",1579465.226022091,0.0,1.0,9999999.0
Methane,"('SA_LNG_imp', 'SA')",60872.29289923003,0.0,1.0,9999999.0
Methane,"('CN_LNG_imp', 'CN')",766145.0242350446,0.0,1.0,9999999.0
Methane,"('AF_LNG_imp', 'AF')",0.0,0.0,1.0,9999999.0
Methane,"('AS_LNG_imp', 'AS')",339902.243945254,0.0,1.0,9999999.0
Methane,"('IN_LNG_imp', 'IN')",357577.06388608867,0.0,1.0,9999999.0
Methane,"('EG_LNG_imp', 'EG')",0.0,0.0,1.0,9999999.0
Methane,"('RU', 'RU_LNG_exp')",1296546.9274276989,0.0,1.0,9999999.0
Methane,"('AU', 'AU_LNG_exp')",1002256.7983521308,0.0,1.0,9999999.0
Methane,"('ME', 'ME_LNG_exp')",0.0,0.0,1.0,9999999.0
Methane,"('EG', 'EG_LNG_exp')",1536.3352612381568,0.0,1.0,9999999.0
Methane,"('USA', 'USA_LNG_exp')",819373.0123329933,0.0,1.0,9999999.0
Methane,"('AF', 'AF_LNG_exp')",361199.60244725866,0.0,1.0,9999999.0
Methane,"('IM', 'IM_LNG_exp')",504093.15183371806,0.0,1.0,9999999.0
Methane,"('QA', 'QA_LNG_exp')",1123959.1653912282,0.0,1.0,9999999.0
Methane,"('TT', 'TT_LNG_exp')",139511.8579414433,0.0,1.0,9999999.0
Methane,"('ME', 'AF')",0.0,0.0,1.0,97700.0
Methane,"('ME', 'CR')",0.0,0.0,1.0,78160.0
Methane,"('AS', 'CN')",0.0,0.0,1.0,127010.0
Methane,"('RU', 'CN')",371260.0,0.0,1.0,371260.0
Methane,"('CR', 'CN')",255875.51042572118,0.0,1.0,351720.0
Methane,"('QA', 'ME')",209856.89697533287,0.0,1.0,323387.0
Methane,"('RU', 'CR')",0.0,0.0,1.0,793324.0
Methane,"('USA', 'CM')",62499.4175759519,0.0,1.0,4885000.0
Methane,"('CR', 'TR')",293099.9999999999,0.0,1.0,293100.0
Methane,"('CM', 'USA')",0.0,0.0,1.0,4885000.0
Methane,"('ME', 'QA')",0.0,0.0,1.0,323387.0
Methane,"('IM_LNG_exp', 'EL_LNG_imp')",0.0,0.0,1.0,9999999.0
Methane,"('USA_LNG_exp', 'UK_LNG_imp')",469937.0,0.0,1.0,9999999.0
Methane,"('EG_LNG_exp', 'BE_LNG_imp')",0.0,0.0,1.0,9999999.0
Methane,"('IM_LNG_exp', 'AF_LNG_imp')",0.0,0.0,1.0,9999999.0
Methane,"('IM_LNG_exp', 'FR_LNG_imp')",0.0,0.0,1.0,9999999.0
Methane,"('IM_LNG_exp', 'HR_LNG_imp')",0.0,0.0,1.0,9999999.0
Methane,"('QA_LNG_exp', 'NL_LNG_imp')",0.0,0.0,1.0,9999999.0
Methane,"('AU_LNG_exp', 'JS_LNG_imp')",236111.77411708608,0.0,1.0,9999999.0
Methane,"('QA_LNG_exp', 'IN_LNG_imp')",240192.680474931,0.0,1.0,9999999.0
Methane,"('ME_LNG_exp', 'EG_LNG_imp')",0.0,0.0,1.0,9999999.0
Methane,"('AF_LNG_exp', 'EG_LNG_imp')",0.0,0.0,1.0,9999999.0
Methane,"('TT_LNG_exp', 'NL_LNG_imp')",0.0,0.0,1.0,9999999.0
Methane,"('AU_LNG_exp', 'EL_LNG_imp')",0.0,0.0,1.0,9999999.0
Methane,"('IM_LNG_exp', 'IT_LNG_imp')",0.0,0.0,1.0,9999999.0
Methane,"('IM_LNG_exp', 'CN_LNG_imp')",0.0,0.0,1.0,9999999.0
Methane,"('IM_LNG_exp', 'ES_LNG_imp')",0.0,0.0,1.0,9999999.0
Methane,"('EG_LNG_exp', 'NL_LNG_imp')",0.0,0.0,1.0,9999999.0
Methane,"('AU_LNG_exp', 'AF_LNG_imp')",0.0,0.0,1.0,9999999.0
Methane,"('AU_LNG_exp', 'FR_LNG_imp')",0.0,0.0,1.0,9999999.0
Methane,"('USA_LNG_exp', 'TR_LNG_imp')",0.0,0.0,1.0,9999999.0
Methane,"('TT_LNG_exp', 'IN_LNG_imp')",0.0,0.0,1.0,9999999.0
Methane,"('USA_LNG_exp', 'PL_LNG_imp')",56666.0,0.0,1.0,9999999.0
Methane,"('AU_LNG_exp', 'HR_LNG_imp')",0.0,0.0,1.0,9999999.0
Methane,"('RU_LNG_exp', 'AF_LNG_imp')",0.0,0.0,1.0,9999999.0
Methane,"('RU_LNG_exp', 'FR_LNG_imp')",0.0,0.0,1.0,9999999.0
Methane,"('EG_LNG_exp', 'IN_LNG_imp')",0.0,0.0,1.0,9999999.0
Methane,"('AF_LNG_exp', 'JS_LNG_imp')",0.0,0.0,1.0,9999999.0
Methane,"('ME_LNG_exp', 'JS_LNG_imp')",0.0,0.0,1.0,9999999.0
Methane,"('IM_LNG_exp', 'SA_LNG_imp')",0.0,0.0,1.0,9999999.0
Methane,"('AU_LNG_exp', 'PT_LNG_imp')",0.0,0.0,1.0,9999999.0
Methane,"('AU_LNG_exp', 'IT_LNG_imp')",0.0,0.0,1.0,9999999.0
Methane,"('AU_LNG_exp', 'ES_LNG_imp')",0.0,0.0,1.0,9999999.0
Methane,"('AU_LNG_exp', 'CN_LNG_imp')",766145.0242350447,0.0,1.0,9999999.0
Methane,"('ME_LNG_exp', 'EL_LNG_imp')",0.0,0.0,1.0,9999999.0
Methane,"('RU_LNG_exp', 'IT_LNG_imp')",0.0,0.0,1.0,9999999.0
Methane,"('RU_LNG_exp', 'ES_LNG_imp')",0.0,0.0,1.0,9999999.0
Methane,"('RU_LNG_exp', 'AS_LNG_imp')",0.0,0.0,1.0,9999999.0
Methane,"('RU_LNG_exp', 'CN_LNG_imp')",0.0,0.0,1.0,9999999.0
Methane,"('USA_LNG_exp', 'BE_LNG_imp')",87930.0,0.0,1.0,9999999.0
Methane,"('ME_LNG_exp', 'FR_LNG_imp')",0.0,0.0,1.0,9999999.0
Methane,"('IM_LNG_exp', 'LT_LNG_imp')",0.0,0.0,1.0,9999999.0
Methane,"('ME_LNG_exp', 'HR_LNG_imp')",0.0,0.0,1.0,9999999.0
Methane,"('IM_LNG_exp', 'UK_LNG_imp')",0.0,0.0,1.0,9999999.0
Methane,"('AF_LNG_exp', 'PT_LNG_imp')",0.0,0.0,1.0,9999999.0
Methane,"('RU_LNG_exp', 'SA_LNG_imp')",0.0,0.0,1.0,9999999.0
Methane,"('ME_LNG_exp', 'PT_LNG_imp')",0.0,0.0,1.0,9999999.0
Methane,"('QA_LNG_exp', 'JS_LNG_imp')",0.0,0.0,1.0,9999999.0
Methane,"('ME_LNG_exp', 'IT_LNG_imp')",0.0,0.0,1.0,9999999.0
Methane,"('ME_LNG_exp', 'CN_LNG_imp')",0.0,0.0,1.0,9999999.0
Methane,"('USA_LNG_exp', 'NL_LNG_imp')",117240.0,0.0,1.0,9999999.0
Methane,"('QA_LNG_exp', 'EL_LNG_imp')",68390.0,0.0,1.0,9999999.0
Methane,"('TT_LNG_exp', 'JS_LNG_imp')",0.0,0.0,1.0,9999999.0
Methane,"('USA_LNG_exp', 'IN_LNG_imp')",0.0,0.0,1.0,9999999.0
Methane,"('EG_LNG_exp', 'JS_LNG_imp')",0.0,0.0,1.0,9999999.0
Methane,"('QA_LNG_exp', 'FR_LNG_imp')",320873.6647387617,0.0,1.0,9999999.0
Methane,"('RU_LNG_exp', 'LT_LNG_imp')",0.0,0.0,1.0,9999999.0
Methane,"('QA_LNG_exp', 'HR_LNG_imp')",25402.0,0.0,1.0,9999999.0
Methane,"('TT_LNG_exp', 'EL_LNG_imp')",0.0,0.0,1.0,9999999.0
Methane,"('EG_LNG_exp', 'EL_LNG_imp')",0.0,0.0,1.0,9999999.0
Methane,"('RU_LNG_exp', 'UK_LNG_imp')",0.0,0.0,1.0,9999999.0
Methane,"('QA_LNG_exp', 'PT_LNG_imp')",0.0,0.0,1.0,9999999.0
Methane,"('TT_LNG_exp', 'FR_LNG_imp')",0.0,0.0,1.0,9999999.0
Methane,"('IM_LNG_exp', 'AS_LNG_imp')",339902.243945254,0.0,1.0,9999999.0
Methane,"('TT_LNG_exp', 'HR_LNG_imp')",0.0,0.0,1.0,9999999.0
Methane,"('IM_LNG_exp', 'PL_LNG_imp')",0.0,0.0,1.0,9999999.0
Methane,"('QA_LNG_exp', 'IT_LNG_imp')",154366.0,0.0,1.0,9999999.0
Methane,"('QA_LNG_exp', 'ES_LNG_imp')",170138.8201775354,0.0,1.0,9999999.0
Methane,"('EG_LNG_exp', 'FR_LNG_imp')",1536.3352612381568,0.0,1.0,9999999.0
Methane,"('IM_LNG_exp', 'TR_LNG_imp')",0.0,0.0,1.0,9999999.0
Methane,"('QA_LNG_exp', 'CN_LNG_imp')",0.0,0.0,1.0,9999999.0
Methane,"('EG_LNG_exp', 'HR_LNG_imp')",0.0,0.0,1.0,9999999.0
Methane,"('TT_LNG_exp', 'PT_LNG_imp')",71321.0,0.0,1.0,9999999.0
Methane,"('TT_LNG_exp', 'IT_LNG_imp')",0.0,0.0,1.0,9999999.0
Methane,"('TT_LNG_exp', 'ES_LNG_imp')",7318.565042213275,0.0,1.0,9999999.0
Methane,"('EG_LNG_exp', 'PT_LNG_imp')",0.0,0.0,1.0,9999999.0
Methane,"('USA_LNG_exp', 'EG_LNG_imp')",0.0,0.0,1.0,9999999.0
Methane,"('TT_LNG_exp', 'CN_LNG_imp')",0.0,0.0,1.0,9999999.0
Methane,"('EG_LNG_exp', 'IT_LNG_imp')",0.0,0.0,1.0,9999999.0
Methane,"('EG_LNG_exp', 'CN_LNG_imp')",0.0,0.0,1.0,9999999.0
Methane,"('AU_LNG_exp', 'AS_LNG_imp')",0.0,0.0,1.0,9999999.0
Methane,"('AF_LNG_exp', 'EL_LNG_imp')",0.0,0.0,1.0,9999999.0
Methane,"('AU_LNG_exp', 'PL_LNG_imp')",0.0,0.0,1.0,9999999.0
Methane,"('IM_LNG_exp', 'BE_LNG_imp')",0.0,0.0,1.0,9999999.0
Methane,"('RU_LNG_exp', 'TR_LNG_imp')",0.0,0.0,1.0,9999999.0
Methane,"('RU_LNG_exp', 'PL_LNG_imp')",0.0,0.0,1.0,9999999.0
Methane,"('AF_LNG_exp', 'FR_LNG_imp')",0.0,0.0,1.0,9999999.0
Methane,"('ME_LNG_exp', 'AF_LNG_imp')",0.0,0.0,1.0,9999999.0
Methane,"('AF_LNG_exp', 'HR_LNG_imp')",0.0,0.0,1.0,9999999.0
Methane,"('USA_LNG_exp', 'JS_LNG_imp')",0.0,0.0,1.0,9999999.0
Methane,"('USA_LNG_exp', 'EL_LNG_imp')",0.0,0.0,1.0,9999999.0
Methane,"('AU_LNG_exp', 'SA_LNG_imp')",0.0,0.0,1.0,9999999.0
Methane,"('IM_LNG_exp', 'NL_LNG_imp')",0.0,0.0,1.0,9999999.0
Methane,"('AU_LNG_exp', 'BE_LNG_imp')",0.0,0.0,1.0,9999999.0
Methane,"('AF_LNG_exp', 'IT_LNG_imp')",0.0,0.0,1.0,9999999.0
Methane,"('AF_LNG_exp', 'ES_LNG_imp')",361199.60244725866,0.0,1.0,9999999.0
Methane,"('ME_LNG_exp', 'ES_LNG_imp')",0.0,0.0,1.0,9999999.0
Methane,"('ME_LNG_exp', 'AS_LNG_imp')",0.0,0.0,1.0,9999999.0
Methane,"('AF_LNG_exp', 'CN_LNG_imp')",0.0,0.0,1.0,9999999.0
Methane,"('RU_LNG_exp', 'BE_LNG_imp')",0.0,0.0,1.0,9999999.0
Methane,"('USA_LNG_exp', 'HR_LNG_imp')",0.0,0.0,1.0,9999999.0
Methane,"('IM_LNG_exp', 'IN_LNG_imp')",117384.38341115767,0.0,1.0,9999999.0
Methane,"('AU_LNG_exp', 'LT_LNG_imp')",0.0,0.0,1.0,9999999.0
Methane,"('QA_LNG_exp', 'AF_LNG_imp')",0.0,0.0,1.0,9999999.0
Methane,"('USA_LNG_exp', 'PT_LNG_imp')",0.0,0.0,1.0,9999999.0
Methane,"('AU_LNG_exp', 'NL_LNG_imp')",0.0,0.0,1.0,9999999.0
Methane,"('AU_LNG_exp', 'UK_LNG_imp')",0.0,0.0,1.0,9999999.0
Methane,"('AF_LNG_exp', 'SA_LNG_imp')",0.0,0.0,1.0,9999999.0
Methane,"('ME_LNG_exp', 'SA_LNG_imp')",0.0,0.0,1.0,9999999.0
Methane,"('RU_LNG_exp', 'NL_LNG_imp')",0.0,0.0,1.0,9999999.0
Methane,"('TT_LNG_exp', 'AF_LNG_imp')",0.0,0.0,1.0,9999999.0
Methane,"('EG_LNG_exp', 'AF_LNG_imp')",0.0,0.0,1.0,9999999.0
Methane,"('QA_LNG_exp', 'AS_LNG_imp')",0.0,0.0,1.0,9999999.0
Methane,"('QA_LNG_exp', 'PL_LNG_imp')",0.0,0.0,1.0,9999999.0
Methane,"('RU_LNG_exp', 'IN_LNG_imp')",0.0,0.0,1.0,9999999.0
Methane,"('IM_LNG_exp', 'EG_LNG_imp')",0.0,0.0,1.0,9999999.0
Methane,"('AF_LNG_exp', 'LT_LNG_imp')",0.0,0.0,1.0,9999999.0
Methane,"('ME_LNG_exp', 'LT_LNG_imp')",0.0,0.0,1.0,9999999.0
Methane,"('TT_LNG_exp', 'AS_LNG_imp')",0.0,0.0,1.0,9999999.0
Methane,"('TT_LNG_exp', 'PL_LNG_imp')",0.0,0.0,1.0,9999999.0
Methane,"('EG_LNG_exp', 'ES_LNG_imp')",0.0,0.0,1.0,9999999.0
Methane,"('AF_LNG_exp', 'UK_LNG_imp')",0.0,0.0,1.0,9999999.0
Methane,"('EG_LNG_exp', 'AS_LNG_imp')",0.0,0.0,1.0,9999999.0
Methane,"('ME_LNG_exp', 'UK_LNG_imp')",0.0,0.0,1.0,9999999.0
Methane,"('EG_LNG_exp', 'PL_LNG_imp')",0.0,0.0,1.0,9999999.0
Methane,"('QA_LNG_exp', 'SA_LNG_imp')",0.0,0.0,1.0,9999999.0
Methane,"('AU_LNG_exp', 'TR_LNG_imp')",0.0,0.0,1.0,9999999.0
Methane,"('QA_LNG_exp', 'BE_LNG_imp')",0.0,0.0,1.0,9999999.0
Methane,"('IM_LNG_exp', 'JS_LNG_imp')",46806.524477306375,0.0,1.0,9999999.0
Methane,"('AU_LNG_exp', 'EG_LNG_imp')",0.0,0.0,1.0,9999999.0
Methane,"('TT_LNG_exp', 'SA_LNG_imp')",60872.29289923003,0.0,1.0,9999999.0
Methane,"('RU_LNG_exp', 'EG_LNG_imp')",0.0,0.0,1.0,9999999.0
Methane,"('EG_LNG_exp', 'SA_LNG_imp')",0.0,0.0,1.0,9999999.0
Methane,"('QA_LNG_exp', 'LT_LNG_imp')",0.0,0.0,1.0,9999999.0
Methane,"('TT_LNG_exp', 'BE_LNG_imp')",0.0,0.0,1.0,9999999.0
Methane,"('QA_LNG_exp', 'UK_LNG_imp')",0.0,0.0,1.0,9999999.0
Methane,"('AF_LNG_exp', 'AS_LNG_imp')",0.0,0.0,1.0,9999999.0
Methane,"('TT_LNG_exp', 'LT_LNG_imp')",0.0,0.0,1.0,9999999.0
Methane,"('ME_LNG_exp', 'TR_LNG_imp')",0.0,0.0,1.0,9999999.0
Methane,"('USA_LNG_exp', 'AF_LNG_imp')",0.0,0.0,1.0,9999999.0
Methane,"('USA_LNG_exp', 'FR_LNG_imp')",0.0,0.0,1.0,9999999.0
Methane,"('ME_LNG_exp', 'PL_LNG_imp')",0.0,0.0,1.0,9999999.0
Methane,"('AF_LNG_exp', 'PL_LNG_imp')",0.0,0.0,1.0,9999999.0
Methane,"('AF_LNG_exp', 'TR_LNG_imp')",0.0,0.0,1.0,9999999.0
Methane,"('EG_LNG_exp', 'LT_LNG_imp')",0.0,0.0,1.0,9999999.0
Methane,"('RU_LNG_exp', 'JS_LNG_imp')",1296546.9274276986,0.0,1.0,9999999.0
Methane,"('IM_LNG_exp', 'PT_LNG_imp')",0.0,0.0,1.0,9999999.0
Methane,"('TT_LNG_exp', 'UK_LNG_imp')",0.0,0.0,1.0,9999999.0
Methane,"('RU_LNG_exp', 'EL_LNG_imp')",0.0,0.0,1.0,9999999.0
Methane,"('EG_LNG_exp', 'UK_LNG_imp')",0.0,0.0,1.0,9999999.0
Methane,"('USA_LNG_exp', 'IT_LNG_imp')",0.0,0.0,1.0,9999999.0
Methane,"('USA_LNG_exp', 'ES_LNG_imp')",48520.01233299264,0.0,1.0,9999999.0
Methane,"('USA_LNG_exp', 'AS_LNG_imp')",0.0,0.0,1.0,9999999.0
Methane,"('USA_LNG_exp', 'CN_LNG_imp')",0.0,0.0,1.0,9999999.0
Methane,"('RU_LNG_exp', 'HR_LNG_imp')",0.0,0.0,1.0,9999999.0
Methane,"('AF_LNG_exp', 'BE_LNG_imp')",0.0,0.0,1.0,9999999.0
Methane,"('ME_LNG_exp', 'BE_LNG_imp')",0.0,0.0,1.0,9999999.0
Methane,"('AU_LNG_exp', 'IN_LNG_imp')",0.0,0.0,1.0,9999999.0
Methane,"('QA_LNG_exp', 'TR_LNG_imp')",144596.0,0.0,1.0,9999999.0
Methane,"('RU_LNG_exp', 'PT_LNG_imp')",0.0,0.0,1.0,9999999.0
Methane,"('USA_LNG_exp', 'SA_LNG_imp')",0.0,0.0,1.0,9999999.0
Methane,"('QA_LNG_exp', 'EG_LNG_imp')",0.0,0.0,1.0,9999999.0
Methane,"('TT_LNG_exp', 'TR_LNG_imp')",0.0,0.0,1.0,9999999.0
Methane,"('AF_LNG_exp', 'NL_LNG_imp')",0.0,0.0,1.0,9999999.0
Methane,"('ME_LNG_exp', 'NL_LNG_imp')",0.0,0.0,1.0,9999999.0
Methane,"('EG_LNG_exp', 'TR_LNG_imp')",0.0,0.0,1.0,9999999.0
Methane,"('TT_LNG_exp', 'EG_LNG_imp')",0.0,0.0,1.0,9999999.0
Methane,"('USA_LNG_exp', 'LT_LNG_imp')",39080.0,0.0,1.0,9999999.0
Methane,"('AF_LNG_exp', 'IN_LNG_imp')",0.0,0.0,1.0,9999999.0
Methane,"('ME_LNG_exp', 'IN_LNG_imp')",0.0,0.0,1.0,9999999.0
Methane,"('AL_Prod', 'AL')",555.86415,0.0,1.0,9999999.0
Methane,"('DZ_Prod', 'DZ')",795518.4641249999,0.0,1.0,9999999.0
Methane,"('AT_Prod', 'AT')",7561.745519999999,0.0,1.0,9999999.0
Methane,"('BY_Prod', 'BY')",0.0,0.0,1.0,9999999.0
Methane,"('BE_Prod', 'BE')",57.64300000000001,0.0,1.0,9999999.0
Methane,"('BA_Prod', 'BA')",0.0,0.0,1.0,9999999.0
Methane,"('BG_Prod', 'BG')",531.00927,0.0,1.0,9999999.0
Methane,"('HR_Prod', 'HR')",8679.52145,0.0,1.0,9999999.0
Methane,"('CZ_Prod', 'CZ')",1915.65275,0.0,1.0,9999999.0
Methane,"('DK_Prod', 'DK')",13947.07557,0.0,1.0,9999999.0
Methane,"('EE_Prod', 'EE')",0.0,0.0,1.0,9999999.0
Methane,"('FI_Prod', 'FI')",0.0,0.0,1.0,9999999.0
Methane,"('FR_Prod', 'FR')",169.49973,0.0,1.0,9999999.0
Methane,"('DE_Prod', 'DE')",47618.98,0.0,1.0,9999999.0
Methane,"('EL_Prod', 'EL')",63.30960000000002,0.0,1.0,9999999.0
Methane,"('HU_Prod', 'HU')",16462.45,0.0,1.0,9999999.0
Methane,"('IE_Prod', 'IE')",19829.69027,0.0,1.0,9999999.0
Methane,"('IT_Prod', 'IT')",38415.64,0.0,1.0,9999999.0
Methane,"('LV_Prod', 'LV')",0.0,0.0,1.0,9999999.0
Methane,"('LY_Prod', 'LY')",124076.1869468165,0.0,1.0,9999999.0
Methane,"('LT_Prod', 'LT')",0.0,0.0,1.0,9999999.0
Methane,"('LU_Prod', 'LU')",0.0,0.0,1.0,9999999.0
Methane,"('MD_Prod', 'MD')",0.0,0.0,1.0,9999999.0
Methane,"('NL_Prod', 'NL')",234149.02171,0.0,1.0,9999999.0
Methane,"('MK_Prod', 'MK')",0.0,0.0,1.0,9999999.0
Methane,"('NO_Prod', 'NO')",1135333.76309,0.0,1.0,9999999.0
Methane,"('PL_Prod', 'PL')",54642.4376,0.0,1.0,9999999.0
Methane,"('PT_Prod', 'PT')",0.0,0.0,1.0,9999999.0
Methane,"('RO_Prod', 'RO')",88096.09,0.0,1.0,9999999.0
Methane,"('RU_Prod', 'RU')",6237623.82943702,0.0,1.0,9999999.0
Methane,"('RS_Prod', 'RS')",3995.929999999999,0.0,1.0,9999999.0
Methane,"('SK_Prod', 'SK')",651.6687699999999,0.0,1.0,9999999.0
Methane,"('SI_Prod', 'SI')",52.11318,0.0,1.0,9999999.0
Methane,"('CH_Prod', 'CH')",0.0,0.0,1.0,9999999.0
Methane,"('TN_Prod', 'TN')",18563.0,0.0,1.0,9999999.0
Methane,"('TR_Prod', 'TR')",4274.472699999999,0.0,1.0,9999999.0
Methane,"('UK_Prod', 'UK')",320813.11304,0.0,1.0,9999999.0
Methane,"('UA_Prod', 'UA')",190671.32,0.0,1.0,9999999.0
Methane,"('ES_Prod', 'ES')",449.42,0.0,1.0,9999999.0
Methane,"('USA_Prod', 'USA')",9035422.293721648,0.0,1.0,9999999.0
Methane,"('CM_Prod', 'CM')",1965121.004492735,0.0,1.0,9999999.0
Methane,"('SA_Prod', 'SA')",1242293.419598245,0.0,1.0,9999999.0
Methane,"('TT_Prod', 'TT')",287875.6308585868,0.0,1.0,9999999.0
Methane,"('ME_Prod', 'ME')",4816654.374502789,0.0,1.0,9999999.0
Methane,"('QA_Prod', 'QA')",1709113.365474044,0.0,1.0,9999999.0
Methane,"('AF_Prod', 'AF')",756389.0043133288,0.0,1.0,9999999.0
Methane,"('MA_Prod', 'MA')",683.9,0.0,1.0,9999999.0
Methane,"('AU_Prod', 'AU')",1415697.208479385,0.0,1.0,9999999.0
Methane,"('CN_Prod', 'CN')",1895470.062684365,0.0,1.0,9999999.0
Methane,"('JS_Prod', 'JS')",0.0,0.0,1.0,9999999.0
Methane,"('IN_Prod', 'IN')",232141.32144332223,0.0,1.0,9999999.0
Methane,"('AS_Prod', 'AS')",1514321.734984355,0.0,1.0,9999999.0
Methane,"('CR_Prod', 'CR')",1660028.45956802,0.0,1.0,9999999.0
Methane,"('EG_Prod', 'EG')",571204.751520874,0.0,1.0,9999999.0
Methane,"('IM_Prod', 'IM')",1346210.438308913,0.0,1.0,9999999.0
Hydrogen,"('DZ', 'ES')",0.0,0.0,0.0,0.0
Hydrogen,"('RS', 'BA')",0.0,0.0,0.0,0.0
Hydrogen,"('AL', 'IT')",0.0,0.0,0.0,0.0
Hydrogen,"('FR', 'ES')",0.0,0.0,0.0,0.0
Hydrogen,"('NL', 'BE')",0.0,0.0,0.0,0.0
Hydrogen,"('LT', 'LV')",0.0,0.0,0.0,0.0
Hydrogen,"('AT', 'IT')",0.0,0.0,0.0,0.0
Hydrogen,"('PL', 'DE')",0.0,0.0,0.0,0.0
Hydrogen,"('EE', 'LV')",0.0,0.0,0.0,0.0
Hydrogen,"('FI', 'EE')",0.0,0.0,0.0,0.0
Hydrogen,"('DE', 'BE')",0.0,0.0,0.0,0.0
Hydrogen,"('FR', 'BE')",0.0,0.0,0.0,0.0
Hydrogen,"('RU', 'TR')",0.0,0.0,0.0,0.0
Hydrogen,"('CH', 'IT')",0.0,0.0,0.0,0.0
Hydrogen,"('HU', 'HR')",0.0,0.0,0.0,0.0
Hydrogen,"('FR', 'CH')",0.0,0.0,0.0,0.0
Hydrogen,"('DE', 'FR')",0.0,0.0,0.0,0.0
Hydrogen,"('CZ', 'SK')",0.0,0.0,0.0,0.0
Hydrogen,"('AT', 'HU')",0.0,0.0,0.0,0.0
Hydrogen,"('TR', 'EL')",0.0,0.0,0.0,0.0
Hydrogen,"('CZ', 'PL')",0.0,0.0,0.0,0.0
Hydrogen,"('LV', 'LT')",0.0,0.0,0.0,0.0
Hydrogen,"('TN', 'IT')",0.0,0.0,0.0,0.0
Hydrogen,"('BG', 'MK')",0.0,0.0,0.0,0.0
Hydrogen,"('BE', 'FR')",0.0,0.0,0.0,0.0
Hydrogen,"('RO', 'UA')",0.0,0.0,0.0,0.0
Hydrogen,"('BY', 'LT')",0.0,0.0,0.0,0.0
Hydrogen,"('NO', 'UK')",0.0,0.0,0.0,0.0
Hydrogen,"('MD', 'UA')",0.0,0.0,0.0,0.0
Hydrogen,"('DE', 'PL')",0.0,0.0,0.0,0.0
Hydrogen,"('EL', 'AL')",0.0,0.0,0.0,0.0
Hydrogen,"('DK', 'DE')",0.0,0.0,0.0,0.0
Hydrogen,"('LU', 'BE')",0.0,0.0,0.0,0.0
Hydrogen,"('RS', 'HU')",0.0,0.0,0.0,0.0
Hydrogen,"('RU', 'DE')",0.0,0.0,0.0,0.0
Hydrogen,"('DE', 'LU')",0.0,0.0,0.0,0.0
Hydrogen,"('RO', 'HU')",0.0,0.0,0.0,0.0
Hydrogen,"('BG', 'EL')",0.0,0.0,0.0,0.0
Hydrogen,"('SI', 'HR')",0.0,0.0,0.0,0.0
Hydrogen,"('SK', 'UA')",0.0,0.0,0.0,0.0
Hydrogen,"('ES', 'FR')",0.0,0.0,0.0,0.0
Hydrogen,"('TR', 'BG')",0.0,0.0,0.0,0.0
Hydrogen,"('EL', 'BG')",0.0,0.0,0.0,0.0
Hydrogen,"('BE', 'LU')",0.0,0.0,0.0,0.0
Hydrogen,"('HR', 'SI')",0.0,0.0,0.0,0.0
Hydrogen,"('AT', 'SI')",0.0,0.0,0.0,0.0
Hydrogen,"('SK', 'HU')",0.0,0.0,0.0,0.0
Hydrogen,"('IT', 'AT')",0.0,0.0,0.0,0.0
Hydrogen,"('UA', 'SK')",0.0,0.0,0.0,0.0
Hydrogen,"('DE', 'AT')",0.0,0.0,0.0,0.0
Hydrogen,"('NL', 'UK')",0.0,0.0,0.0,0.0
Hydrogen,"('UA', 'HU')",0.0,0.0,0.0,0.0
Hydrogen,"('NO', 'NL')",0.0,0.0,0.0,0.0
Hydrogen,"('RU', 'FI')",0.0,0.0,0.0,0.0
Hydrogen,"('UA', 'PL')",0.0,0.0,0.0,0.0
Hydrogen,"('LT', 'RU')",0.0,0.0,0.0,0.0
Hydrogen,"('PT', 'ES')",0.0,0.0,0.0,0.0
Hydrogen,"('DK', 'SE')",0.0,0.0,0.0,0.0
Hydrogen,"('BG', 'RS')",0.0,0.0,0.0,0.0
Hydrogen,"('RS', 'BG')",0.0,0.0,0.0,0.0
Hydrogen,"('RO', 'BG')",0.0,0.0,0.0,0.0
Hydrogen,"('LV', 'RU')",0.0,0.0,0.0,0.0
Hydrogen,"('UK', 'NL')",0.0,0.0,0.0,0.0
Hydrogen,"('AT', 'DE')",0.0,0.0,0.0,0.0
Hydrogen,"('CZ', 'DE')",0.0,0.0,0.0,0.0
Hydrogen,"('HU', 'SK')",0.0,0.0,0.0,0.0
Hydrogen,"('RU', 'UA')",0.0,0.0,0.0,0.0
Hydrogen,"('BE', 'NL')",0.0,0.0,0.0,0.0
Hydrogen,"('BG', 'RO')",0.0,0.0,0.0,0.0
Hydrogen,"('NO', 'DE')",0.0,0.0,0.0,0.0
Hydrogen,"('BE', 'UK')",0.0,0.0,0.0,0.0
Hydrogen,"('DZ', 'MA')",0.0,0.0,0.0,0.0
Hydrogen,"('ES', 'PT')",0.0,0.0,0.0,0.0
Hydrogen,"('MD', 'RO')",0.0,0.0,0.0,0.0
Hydrogen,"('LV', 'EE')",0.0,0.0,0.0,0.0
Hydrogen,"('SK', 'AT')",0.0,0.0,0.0,0.0
Hydrogen,"('DE', 'DK')",0.0,0.0,0.0,0.0
Hydrogen,"('CH', 'DE')",0.0,0.0,0.0,0.0
Hydrogen,"('LY', 'IT')",0.0,0.0,0.0,0.0
Hydrogen,"('BG', 'TR')",0.0,0.0,0.0,0.0
Hydrogen,"('IT', 'SI')",0.0,0.0,0.0,0.0
Hydrogen,"('BE', 'DE')",0.0,0.0,0.0,0.0
Hydrogen,"('RO', 'MD')",0.0,0.0,0.0,0.0
Hydrogen,"('SK', 'CZ')",0.0,0.0,0.0,0.0
Hydrogen,"('RU', 'LV')",0.0,0.0,0.0,0.0
Hydrogen,"('BY', 'PL')",0.0,0.0,0.0,0.0
Hydrogen,"('NO', 'BE')",0.0,0.0,0.0,0.0
Hydrogen,"('DE', 'NL')",0.0,0.0,0.0,0.0
Hydrogen,"('EE', 'FI')",0.0,0.0,0.0,0.0
Hydrogen,"('UA', 'RO')",0.0,0.0,0.0,0.0
Hydrogen,"('UK', 'IE')",0.0,0.0,0.0,0.0
Hydrogen,"('DE', 'CZ')",0.0,0.0,0.0,0.0
Hydrogen,"('IT', 'CH')",0.0,0.0,0.0,0.0
Hydrogen,"('NL', 'DE')",0.0,0.0,0.0,0.0
Hydrogen,"('HU', 'RS')",0.0,0.0,0.0,0.0
Hydrogen,"('UK', 'BE')",0.0,0.0,0.0,0.0
Hydrogen,"('DE', 'CH')",0.0,0.0,0.0,0.0
Hydrogen,"('NO', 'FR')",0.0,0.0,0.0,0.0
Hydrogen,"('RU', 'BY')",0.0,0.0,0.0,0.0
Hydrogen,"('MA', 'ES')",0.0,0.0,0.0,0.0
Hydrogen,"('AT', 'SK')",0.0,0.0,0.0,0.0
Hydrogen,"('UA', 'MD')",0.0,0.0,0.0,0.0
Hydrogen,"('SI', 'IT')",0.0,0.0,0.0,0.0
Hydrogen,"('HR', 'HU')",0.0,0.0,0.0,0.0
Hydrogen,"('CH', 'FR')",0.0,0.0,0.0,0.0
Hydrogen,"('HU', 'RO')",0.0,0.0,0.0,0.0
Hydrogen,"('BY', 'UA')",0.0,0.0,0.0,0.0
Hydrogen,"('DZ', 'TN')",0.0,0.0,0.0,0.0
Hydrogen,"('NL_LNG_imp', 'NL')",0.0,0.0,0.0,0.0
Hydrogen,"('ES_LNG_imp', 'ES')",0.0,0.0,0.0,0.0
Hydrogen,"('PL_LNG_imp', 'PL')",0.0,0.0,0.0,0.0
Hydrogen,"('HR_LNG_imp', 'HR')",0.0,0.0,0.0,0.0
Hydrogen,"('IT_LNG_imp', 'IT')",0.0,0.0,0.0,0.0
Hydrogen,"('FR_LNG_imp', 'FR')",0.0,0.0,0.0,0.0
Hydrogen,"('UK_LNG_imp', 'UK')",0.0,0.0,0.0,0.0
Hydrogen,"('EL_LNG_imp', 'EL')",0.0,0.0,0.0,0.0
Hydrogen,"('BE_LNG_imp', 'BE')",0.0,0.0,0.0,0.0
Hydrogen,"('TR_LNG_imp', 'TR')",0.0,0.0,0.0,0.0
Hydrogen,"('PT_LNG_imp', 'PT')",0.0,0.0,0.0,0.0
Hydrogen,"('LT_LNG_imp', 'LT')",0.0,0.0,0.0,0.0
Hydrogen,"('JS_LNG_imp', 'JS')",0.0,0.0,0.0,0.0
Hydrogen,"('SA_LNG_imp', 'SA')",0.0,0.0,0.0,0.0
Hydrogen,"('CN_LNG_imp', 'CN')",0.0,0.0,0.0,0.0
Hydrogen,"('AF_LNG_imp', 'AF')",0.0,0.0,0.0,0.0
Hydrogen,"('AS_LNG_imp', 'AS')",0.0,0.0,0.0,0.0
Hydrogen,"('IN_LNG_imp', 'IN')",0.0,0.0,0.0,0.0
Hydrogen,"('EG_LNG_imp', 'EG')",0.0,0.0,0.0,0.0
Hydrogen,"('RU', 'RU_LNG_exp')",0.0,0.0,0.0,0.0
Hydrogen,"('AU', 'AU_LNG_exp')",0.0,0.0,0.0,0.0
Hydrogen,"('ME', 'ME_LNG_exp')",0.0,0.0,0.0,0.0
Hydrogen,"('EG', 'EG_LNG_exp')",0.0,0.0,0.0,0.0
Hydrogen,"('USA', 'USA_LNG_exp')",0.0,0.0,0.0,0.0
Hydrogen,"('AF', 'AF_LNG_exp')",0.0,0.0,0.0,0.0
Hydrogen,"('IM', 'IM_LNG_exp')",0.0,0.0,0.0,0.0
Hydrogen,"('QA', 'QA_LNG_exp')",0.0,0.0,0.0,0.0
Hydrogen,"('TT', 'TT_LNG_exp')",0.0,0.0,0.0,0.0
Hydrogen,"('ME', 'AF')",0.0,0.0,0.0,0.0
Hydrogen,"('ME', 'CR')",0.0,0.0,0.0,0.0
Hydrogen,"('AS', 'CN')",0.0,0.0,0.0,0.0
Hydrogen,"('RU', 'CN')",0.0,0.0,0.0,0.0
Hydrogen,"('CR', 'CN')",0.0,0.0,0.0,0.0
Hydrogen,"('QA', 'ME')",0.0,0.0,0.0,0.0
Hydrogen,"('RU', 'CR')",0.0,0.0,0.0,0.0
Hydrogen,"('USA', 'CM')",0.0,0.0,0.0,0.0
Hydrogen,"('CR', 'TR')",0.0,0.0,0.0,0.0
Hydrogen,"('CM', 'USA')",0.0,0.0,0.0,0.0
Hydrogen,"('ME', 'QA')",0.0,0.0,0.0,0.0
Hydrogen,"('IM_LNG_exp', 'EL_LNG_imp')",0.0,0.0,0.0,0.0
Hydrogen,"('USA_LNG_exp', 'UK_LNG_imp')",0.0,0.0,0.0,0.0
Hydrogen,"('EG_LNG_exp', 'BE_LNG_imp')",0.0,0.0,0.0,0.0
Hydrogen,"('IM_LNG_exp', 'AF_LNG_imp')",0.0,0.0,0.0,0.0
Hydrogen,"('IM_LNG_exp', 'FR_LNG_imp')",0.0,0.0,0.0,0.0
Hydrogen,"('IM_LNG_exp', 'HR_LNG_imp')",0.0,0.0,0.0,0.0
Hydrogen,"('QA_LNG_exp', 'NL_LNG_imp')",0.0,0.0,0.0,0.0
Hydrogen,"('AU_LNG_exp', 'JS_LNG_imp')",0.0,0.0,0.0,0.0
Hydrogen,"('QA_LNG_exp', 'IN_LNG_imp')",0.0,0.0,0.0,0.0
Hydrogen,"('ME_LNG_exp', 'EG_LNG_imp')",0.0,0.0,0.0,0.0
Hydrogen,"('AF_LNG_exp', 'EG_LNG_imp')",0.0,0.0,0.0,0.0
Hydrogen,"('TT_LNG_exp', 'NL_LNG_imp')",0.0,0.0,0.0,0.0
Hydrogen,"('AU_LNG_exp', 'EL_LNG_imp')",0.0,0.0,0.0,0.0
Hydrogen,"('IM_LNG_exp', 'IT_LNG_imp')",0.0,0.0,0.0,0.0
Hydrogen,"('IM_LNG_exp', 'CN_LNG_imp')",0.0,0.0,0.0,0.0
Hydrogen,"('IM_LNG_exp', 'ES_LNG_imp')",0.0,0.0,0.0,0.0
Hydrogen,"('EG_LNG_exp', 'NL_LNG_imp')",0.0,0.0,0.0,0.0
Hydrogen,"('AU_LNG_exp', 'AF_LNG_imp')",0.0,0.0,0.0,0.0
Hydrogen,"('AU_LNG_exp', 'FR_LNG_imp')",0.0,0.0,0.0,0.0
Hydrogen,"('USA_LNG_exp', 'TR_LNG_imp')",0.0,0.0,0.0,0.0
Hydrogen,"('TT_LNG_exp', 'IN_LNG_imp')",0.0,0.0,0.0,0.0
Hydrogen,"('USA_LNG_exp', 'PL_LNG_imp')",0.0,0.0,0.0,0.0
Hydrogen,"('AU_LNG_exp', 'HR_LNG_imp')",0.0,0.0,0.0,0.0
Hydrogen,"('RU_LNG_exp', 'AF_LNG_imp')",0.0,0.0,0.0,0.0
Hydrogen,"('RU_LNG_exp', 'FR_LNG_imp')",0.0,0.0,0.0,0.0
Hydrogen,"('EG_LNG_exp', 'IN_LNG_imp')",0.0,0.0,0.0,0.0
Hydrogen,"('AF_LNG_exp', 'JS_LNG_imp')",0.0,0.0,0.0,0.0
Hydrogen,"('ME_LNG_exp', 'JS_LNG_imp')",0.0,0.0,0.0,0.0
Hydrogen,"('IM_LNG_exp', 'SA_LNG_imp')",0.0,0.0,0.0,0.0
Hydrogen,"('AU_LNG_exp', 'PT_LNG_imp')",0.0,0.0,0.0,0.0
Hydrogen,"('AU_LNG_exp', 'IT_LNG_imp')",0.0,0.0,0.0,0.0
Hydrogen,"('AU_LNG_exp', 'ES_LNG_imp')",0.0,0.0,0.0,0.0
Hydrogen,"('AU_LNG_exp', 'CN_LNG_imp')",0.0,0.0,0.0,0.0
Hydrogen,"('ME_LNG_exp', 'EL_LNG_imp')",0.0,0.0,0.0,0.0
Hydrogen,"('RU_LNG_exp', 'IT_LNG_imp')",0.0,0.0,0.0,0.0
Hydrogen,"('RU_LNG_exp', 'ES_LNG_imp')",0.0,0.0,0.0,0.0
Hydrogen,"('RU_LNG_exp', 'AS_LNG_imp')",0.0,0.0,0.0,0.0
Hydrogen,"('RU_LNG_exp', 'CN_LNG_imp')",0.0,0.0,0.0,0.0
Hydrogen,"('USA_LNG_exp', 'BE_LNG_imp')",0.0,0.0,0.0,0.0
Hydrogen,"('ME_LNG_exp', 'FR_LNG_imp')",0.0,0.0,0.0,0.0
Hydrogen,"('IM_LNG_exp', 'LT_LNG_imp')",0.0,0.0,0.0,0.0
Hydrogen,"('ME_LNG_exp', 'HR_LNG_imp')",0.0,0.0,0.0,0.0
Hydrogen,"('IM_LNG_exp', 'UK_LNG_imp')",0.0,0.0,0.0,0.0
Hydrogen,"('AF_LNG_exp', 'PT_LNG_imp')",0.0,0.0,0.0,0.0
Hydrogen,"('RU_LNG_exp', 'SA_LNG_imp')",0.0,0.0,0.0,0.0
Hydrogen,"('ME_LNG_exp', 'PT_LNG_imp')",0.0,0.0,0.0,0.0
Hydrogen,"('QA_LNG_exp', 'JS_LNG_imp')",0.0,0.0,0.0,0.0
Hydrogen,"('ME_LNG_exp', 'IT_LNG_imp')",0.0,0.0,0.0,0.0
Hydrogen,"('ME_LNG_exp', 'CN_LNG_imp')",0.0,0.0,0.0,0.0
Hydrogen,"('USA_LNG_exp', 'NL_LNG_imp')",0.0,0.0,0.0,0.0
Hydrogen,"('QA_LNG_exp', 'EL_LNG_imp')",0.0,0.0,0.0,0.0
Hydrogen,"('TT_LNG_exp', 'JS_LNG_imp')",0.0,0.0,0.0,0.0
Hydrogen,"('USA_LNG_exp', 'IN_LNG_imp')",0.0,0.0,0.0,0.0
Hydrogen,"('EG_LNG_exp', 'JS_LNG_imp')",0.0,0.0,0.0,0.0
Hydrogen,"('QA_LNG_exp', 'FR_LNG_imp')",0.0,0.0,0.0,0.0
Hydrogen,"('RU_LNG_exp', 'LT_LNG_imp')",0.0,0.0,0.0,0.0
Hydrogen,"('QA_LNG_exp', 'HR_LNG_imp')",0.0,0.0,0.0,0.0
Hydrogen,"('TT_LNG_exp', 'EL_LNG_imp')",0.0,0.0,0.0,0.0
Hydrogen,"('EG_LNG_exp', 'EL_LNG_imp')",0.0,0.0,0.0,0.0
Hydrogen,"('RU_LNG_exp', 'UK_LNG_imp')",0.0,0.0,0.0,0.0
Hydrogen,"('QA_LNG_exp', 'PT_LNG_imp')",0.0,0.0,0.0,0.0
Hydrogen,"('TT_LNG_exp', 'FR_LNG_imp')",0.0,0.0,0.0,0.0
Hydrogen,"('IM_LNG_exp', 'AS_LNG_imp')",0.0,0.0,0.0,0.0
Hydrogen,"('TT_LNG_exp', 'HR_LNG_imp')",0.0,0.0,0.0,0.0
Hydrogen,"('IM_LNG_exp', 'PL_LNG_imp')",0.0,0.0,0.0,0.0
Hydrogen,"('QA_LNG_exp', 'IT_LNG_imp')",0.0,0.0,0.0,0.0
Hydrogen,"('QA_LNG_exp', 'ES_LNG_imp')",0.0,0.0,0.0,0.0
Hydrogen,"('EG_LNG_exp', 'FR_LNG_imp')",0.0,0.0,0.0,0.0
Hydrogen,"('IM_LNG_exp', 'TR_LNG_imp')",0.0,0.0,0.0,0.0
Hydrogen,"('QA_LNG_exp', 'CN_LNG_imp')",0.0,0.0,0.0,0.0
Hydrogen,"('EG_LNG_exp', 'HR_LNG_imp')",0.0,0.0,0.0,0.0
Hydrogen,"('TT_LNG_exp', 'PT_LNG_imp')",0.0,0.0,0.0,0.0
Hydrogen,"('TT_LNG_exp', 'IT_LNG_imp')",0.0,0.0,0.0,0.0
Hydrogen,"('TT_LNG_exp', 'ES_LNG_imp')",0.0,0.0,0.0,0.0
Hydrogen,"('EG_LNG_exp', 'PT_LNG_imp')",0.0,0.0,0.0,0.0
Hydrogen,"('USA_LNG_exp', 'EG_LNG_imp')",0.0,0.0,0.0,0.0
Hydrogen,"('TT_LNG_exp', 'CN_LNG_imp')",0.0,0.0,0.0,0.0
Hydrogen,"('EG_LNG_exp', 'IT_LNG_imp')",0.0,0.0,0.0,0.0
Hydrogen,"('EG_LNG_exp', 'CN_LNG_imp')",0.0,0.0,0.0,0.0
Hydrogen,"('AU_LNG_exp', 'AS_LNG_imp')",0.0,0.0,0.0,0.0
Hydrogen,"('AF_LNG_exp', 'EL_LNG_imp')",0.0,0.0,0.0,0.0
Hydrogen,"('AU_LNG_exp', 'PL_LNG_imp')",0.0,0.0,0.0,0.0
Hydrogen,"('IM_LNG_exp', 'BE_LNG_imp')",0.0,0.0,0.0,0.0
Hydrogen,"('RU_LNG_exp', 'TR_LNG_imp')",0.0,0.0,0.0,0.0
Hydrogen,"('RU_LNG_exp', 'PL_LNG_imp')",0.0,0.0,0.0,0.0
Hydrogen,"('AF_LNG_exp', 'FR_LNG_imp')",0.0,0.0,0.0,0.0
Hydrogen,"('ME_LNG_exp', 'AF_LNG_imp')",0.0,0.0,0.0,0.0
Hydrogen,"('AF_LNG_exp', 'HR_LNG_imp')",0.0,0.0,0.0,0.0
Hydrogen,"('USA_LNG_exp', 'JS_LNG_imp')",0.0,0.0,0.0,0.0
Hydrogen,"('USA_LNG_exp', 'EL_LNG_imp')",0.0,0.0,0.0,0.0
Hydrogen,"('AU_LNG_exp', 'SA_LNG_imp')",0.0,0.0,0.0,0.0
Hydrogen,"('IM_LNG_exp', 'NL_LNG_imp')",0.0,0.0,0.0,0.0
Hydrogen,"('AU_LNG_exp', 'BE_LNG_imp')",0.0,0.0,0.0,0.0
Hydrogen,"('AF_LNG_exp', 'IT_LNG_imp')",0.0,0.0,0.0,0.0
Hydrogen,"('AF_LNG_exp', 'ES_LNG_imp')",0.0,0.0,0.0,0.0
Hydrogen,"('ME_LNG_exp', 'ES_LNG_imp')",0.0,0.0,0.0,0.0
Hydrogen,"('ME_LNG_exp', 'AS_LNG_imp')",0.0,0.0,0.0,0.0
Hydrogen,"('AF_LNG_exp', 'CN_LNG_imp')",0.0,0.0,0.0,0.0
Hydrogen,"('RU_LNG_exp', 'BE_LNG_imp')",0.0,0.0,0.0,0.0
Hydrogen,"('USA_LNG_exp', 'HR_LNG_imp')",0.0,0.0,0.0,0.0
Hydrogen,"('IM_LNG_exp', 'IN_LNG_imp')",0.0,0.0,0.0,0.0
Hydrogen,"('AU_LNG_exp', 'LT_LNG_imp')",0.0,0.0,0.0,0.0
Hydrogen,"('QA_LNG_exp', 'AF_LNG_imp')",0.0,0.0,0.0,0.0
Hydrogen,"('USA_LNG_exp', 'PT_LNG_imp')",0.0,0.0,0.0,0.0
Hydrogen,"('AU_LNG_exp', 'NL_LNG_imp')",0.0,0.0,0.0,0.0
Hydrogen,"('AU_LNG_exp', 'UK_LNG_imp')",0.0,0.0,0.0,0.0
Hydrogen,"('AF_LNG_exp', 'SA_LNG_imp')",0.0,0.0,0.0,0.0
Hydrogen,"('ME_LNG_exp', 'SA_LNG_imp')",0.0,0.0,0.0,0.0
Hydrogen,"('RU_LNG_exp', 'NL_LNG_imp')",0.0,0.0,0.0,0.0
Hydrogen,"('TT_LNG_exp', 'AF_LNG_imp')",0.0,0.0,0.0,0.0
Hydrogen,"('EG_LNG_exp', 'AF_LNG_imp')",0.0,0.0,0.0,0.0
Hydrogen,"('QA_LNG_exp', 'AS_LNG_imp')",0.0,0.0,0.0,0.0
Hydrogen,"('QA_LNG_exp', 'PL_LNG_imp')",0.0,0.0,0.0,0.0
Hydrogen,"('RU_LNG_exp', 'IN_LNG_imp')",0.0,0.0,0.0,0.0
Hydrogen,"('IM_LNG_exp', 'EG_LNG_imp')",0.0,0.0,0.0,0.0
Hydrogen,"('AF_LNG_exp', 'LT_LNG_imp')",0.0,0.0,0.0,0.0
Hydrogen,"('ME_LNG_exp', 'LT_LNG_imp')",0.0,0.0,0.0,0.0
Hydrogen,"('TT_LNG_exp', 'AS_LNG_imp')",0.0,0.0,0.0,0.0
Hydrogen,"('TT_LNG_exp', 'PL_LNG_imp')",0.0,0.0,0.0,0.0
Hydrogen,"('EG_LNG_exp', 'ES_LNG_imp')",0.0,0.0,0.0,0.0
Hydrogen,"('AF_LNG_exp', 'UK_LNG_imp')",0.0,0.0,0.0,0.0
Hydrogen,"('EG_LNG_exp', 'AS_LNG_imp')",0.0,0.0,0.0,0.0
Hydrogen,"('ME_LNG_exp', 'UK_LNG_imp')",0.0,0.0,0.0,0.0
Hydrogen,"('EG_LNG_exp', 'PL_LNG_imp')",0.0,0.0,0.0,0.0
Hydrogen,"('QA_LNG_exp', 'SA_LNG_imp')",0.0,0.0,0.0,0.0
Hydrogen,"('AU_LNG_exp', 'TR_LNG_imp')",0.0,0.0,0.0,0.0
Hydrogen,"('QA_LNG_exp', 'BE_LNG_imp')",0.0,0.0,0.0,0.0
Hydrogen,"('IM_LNG_exp', 'JS_LNG_imp')",0.0,0.0,0.0,0.0
Hydrogen,"('AU_LNG_exp', 'EG_LNG_imp')",0.0,0.0,0.0,0.0
Hydrogen,"('TT_LNG_exp', 'SA_LNG_imp')",0.0,0.0,0.0,0.0
Hydrogen,"('RU_LNG_exp', 'EG_LNG_imp')",0.0,0.0,0.0,0.0
Hydrogen,"('EG_LNG_exp', 'SA_LNG_imp')",0.0,0.0,0.0,0.0
Hydrogen,"('QA_LNG_exp', 'LT_LNG_imp')",0.0,0.0,0.0,0.0
Hydrogen,"('TT_LNG_exp', 'BE_LNG_imp')",0.0,0.0,0.0,0.0
Hydrogen,"('QA_LNG_exp', 'UK_LNG_imp')",0.0,0.0,0.0,0.0
Hydrogen,"('AF_LNG_exp', 'AS_LNG_imp')",0.0,0.0,0.0,0.0
Hydrogen,"('TT_LNG_exp', 'LT_LNG_imp')",0.0,0.0,0.0,0.0
Hydrogen,"('ME_LNG_exp', 'TR_LNG_imp')",0.0,0.0,0.0,0.0
Hydrogen,"('USA_LNG_exp', 'AF_LNG_imp')",0.0,0.0,0.0,0.0
Hydrogen,"('USA_LNG_exp', 'FR_LNG_imp')",0.0,0.0,0.0,0.0
Hydrogen,"('ME_LNG_exp', 'PL_LNG_imp')",0.0,0.0,0.0,0.0
Hydrogen,"('AF_LNG_exp', 'PL_LNG_imp')",0.0,0.0,0.0,0.0
Hydrogen,"('AF_LNG_exp', 'TR_LNG_imp')",0.0,0.0,0.0,0.0
Hydrogen,"('EG_LNG_exp', 'LT_LNG_imp')",0.0,0.0,0.0,0.0
Hydrogen,"('RU_LNG_exp', 'JS_LNG_imp')",0.0,0.0,0.0,0.0
Hydrogen,"('IM_LNG_exp', 'PT_LNG_imp')",0.0,0.0,0.0,0.0
Hydrogen,"('TT_LNG_exp', 'UK_LNG_imp')",0.0,0.0,0.0,0.0
Hydrogen,"('RU_LNG_exp', 'EL_LNG_imp')",0.0,0.0,0.0,0.0
Hydrogen,"('EG_LNG_exp', 'UK_LNG_imp')",0.0,0.0,0.0,0.0
Hydrogen,"('USA_LNG_exp', 'IT_LNG_imp')",0.0,0.0,0.0,0.0
Hydrogen,"('USA_LNG_exp', 'ES_LNG_imp')",0.0,0.0,0.0,0.0
Hydrogen,"('USA_LNG_exp', 'AS_LNG_imp')",0.0,0.0,0.0,0.0
Hydrogen,"('USA_LNG_exp', 'CN_LNG_imp')",0.0,0.0,0.0,0.0
Hydrogen,"('RU_LNG_exp', 'HR_LNG_imp')",0.0,0.0,0.0,0.0
Hydrogen,"('AF_LNG_exp', 'BE_LNG_imp')",0.0,0.0,0.0,0.0
Hydrogen,"('ME_LNG_exp', 'BE_LNG_imp')",0.0,0.0,0.0,0.0
Hydrogen,"('AU_LNG_exp', 'IN_LNG_imp')",0.0,0.0,0.0,0.0
Hydrogen,"('QA_LNG_exp', 'TR_LNG_imp')",0.0,0.0,0.0,0.0
Hydrogen,"('RU_LNG_exp', 'PT_LNG_imp')",0.0,0.0,0.0,0.0
Hydrogen,"('USA_LNG_exp', 'SA_LNG_imp')",0.0,0.0,0.0,0.0
Hydrogen,"('QA_LNG_exp', 'EG_LNG_imp')",0.0,0.0,0.0,0.0
Hydrogen,"('TT_LNG_exp', 'TR_LNG_imp')",0.0,0.0,0.0,0.0
Hydrogen,"('AF_LNG_exp', 'NL_LNG_imp')",0.0,0.0,0.0,0.0
Hydrogen,"('ME_LNG_exp', 'NL_LNG_imp')",0.0,0.0,0.0,0.0
Hydrogen,"('EG_LNG_exp', 'TR_LNG_imp')",0.0,0.0,0.0,0.0
Hydrogen,"('TT_LNG_exp', 'EG_LNG_imp')",0.0,0.0,0.0,0.0
Hydrogen,"('USA_LNG_exp', 'LT_LNG_imp')",0.0,0.0,0.0,0.0
Hydrogen,"('AF_LNG_exp', 'IN_LNG_imp')",0.0,0.0,0.0,0.0
Hydrogen,"('ME_LNG_exp', 'IN_LNG_imp')",0.0,0.0,0.0,0.0
Hydrogen,"('AL_Prod', 'AL')",0.0,0.0,0.0,0.0
Hydrogen,"('DZ_Prod', 'DZ')",0.0,0.0,0.0,0.0
Hydrogen,"('AT_Prod', 'AT')",0.0,0.0,0.0,0.0
Hydrogen,"('BY_Prod', 'BY')",0.0,0.0,0.0,0.0
Hydrogen,"('BE_Prod', 'BE')",0.0,0.0,0.0,0.0
Hydrogen,"('BA_Prod', 'BA')",0.0,0.0,0.0,0.0
Hydrogen,"('BG_Prod', 'BG')",0.0,0.0,0.0,0.0
Hydrogen,"('HR_Prod', 'HR')",0.0,0.0,0.0,0.0
Hydrogen,"('CZ_Prod', 'CZ')",0.0,0.0,0.0,0.0
Hydrogen,"('DK_Prod', 'DK')",0.0,0.0,0.0,0.0
Hydrogen,"('EE_Prod', 'EE')",0.0,0.0,0.0,0.0
Hydrogen,"('FI_Prod', 'FI')",0.0,0.0,0.0,0.0
Hydrogen,"('FR_Prod', 'FR')",0.0,0.0,0.0,0.0
Hydrogen,"('DE_Prod', 'DE')",0.0,0.0,0.0,0.0
Hydrogen,"('EL_Prod', 'EL')",0.0,0.0,0.0,0.0
Hydrogen,"('HU_Prod', 'HU')",0.0,0.0,0.0,0.0
Hydrogen,"('IE_Prod', 'IE')",0.0,0.0,0.0,0.0
Hydrogen,"('IT_Prod', 'IT')",0.0,0.0,0.0,0.0
Hydrogen,"('LV_Prod', 'LV')",0.0,0.0,0.0,0.0
Hydrogen,"('LY_Prod', 'LY')",0.0,0.0,0.0,0.0
Hydrogen,"('LT_Prod', 'LT')",0.0,0.0,0.0,0.0
Hydrogen,"('LU_Prod', 'LU')",0.0,0.0,0.0,0.0
Hydrogen,"('MD_Prod', 'MD')",0.0,0.0,0.0,0.0
Hydrogen,"('NL_Prod', 'NL')",0.0,0.0,0.0,0.0
Hydrogen,"('MK_Prod', 'MK')",0.0,0.0,0.0,0.0
Hydrogen,"('NO_Prod', 'NO')",0.0,0.0,0.0,0.0
Hydrogen,"('PL_Prod', 'PL')",0.0,0.0,0.0,0.0
Hydrogen,"('PT_Prod', 'PT')",0.0,0.0,0.0,0.0
Hydrogen,"('RO_Prod', 'RO')",0.0,0.0,0.0,0.0
Hydrogen,"('RU_Prod', 'RU')",0.0,0.0,0.0,0.0
Hydrogen,"('RS_Prod', 'RS')",0.0,0.0,0.0,0.0
Hydrogen,"('SK_Prod', 'SK')",0.0,0.0,0.0,0.0
Hydrogen,"('SI_Prod', 'SI')",0.0,0.0,0.0,0.0
Hydrogen,"('CH_Prod', 'CH')",0.0,0.0,0.0,0.0
Hydrogen,"('TN_Prod', 'TN')",0.0,0.0,0.0,0.0
Hydrogen,"('TR_Prod', 'TR')",0.0,0.0,0.0,0.0
Hydrogen,"('UK_Prod', 'UK')",0.0,0.0,0.0,0.0
Hydrogen,"('UA_Prod', 'UA')",0.0,0.0,0.0,0.0
Hydrogen,"('ES_Prod', 'ES')",0.0,0.0,0.0,0.0
Hydrogen,"('USA_Prod', 'USA')",0.0,0.0,0.0,0.0
Hydrogen,"('CM_Prod', 'CM')",0.0,0.0,0.0,0.0
Hydrogen,"('SA_Prod', 'SA')",0.0,0.0,0.0,0.0
Hydrogen,"('TT_Prod', 'TT')",0.0,0.0,0.0,0.0
Hydrogen,"('ME_Prod', 'ME')",0.0,0.0,0.0,0.0
Hydrogen,"('QA_Prod', 'QA')",0.0,0.0,0.0,0.0
Hydrogen,"('AF_Prod', 'AF')",0.0,0.0,0.0,0.0
Hydrogen,"('MA_Prod', 'MA')",0.0,0.0,0.0,0.0
Hydrogen,"('AU_Prod', 'AU')",0.0,0.0,0.0,0.0
Hydrogen,"('CN_Prod', 'CN')",0.0,0.0,0.0,0.0
Hydrogen,"('JS_Prod', 'JS')",0.0,0.0,0.0,0.0
Hydrogen,"('IN_Prod', 'IN')",0.0,0.0,0.0,0.0
Hydrogen,"('AS_Prod', 'AS')",0.0,0.0,0.0,0.0
Hydrogen,"('CR_Prod', 'CR')",0.0,0.0,0.0,0.0
Hydrogen,"('EG_Prod', 'EG')",0.0,0.0,0.0,0.0
Hydrogen,"('IM_Prod', 'IM')",0.0,0.0,0.0,0.0
